Node 1	Node 2	interaction_type	pathways	
hsa:5971&hsa:4791	hsa:6387	expression	hsa04064	
hsa:1558 hsa:1573	hsa:246 hsa:247	compound irreversible	hsa00590	
hsa:1558 hsa:1573	hsa:246 hsa:247	compound irreversible	hsa00590	
hsa:1558 hsa:1573	hsa:257202 hsa:2876 hsa:2877 hsa:2878 hsa:2880 hsa:2882 hsa:493869	compound irreversible	hsa00590	
hsa:1558 hsa:1573	hsa:257202 hsa:2876 hsa:2877 hsa:2878 hsa:2880 hsa:2882 hsa:493869	compound irreversible	hsa00590	
hsa:644 hsa:645	hsa:10720 hsa:10941 hsa:54490 hsa:54575 hsa:54576 hsa:54577 hsa:54578 hsa:54579 hsa:54600 hsa:54657 hsa:54658 hsa:54659 hsa:574537 hsa:7363 hsa:7364 hsa:7365 hsa:7366 hsa:7367 hsa:79799	compound irreversible	hsa00860	
hsa:5578 hsa:5579 hsa:5582	hsa:773	compound irreversible	hsa04730	
hsa:5578 hsa:5579 hsa:5582	hsa:2902 hsa:2903 hsa:2904 hsa:2905 hsa:2906	indirect effect	hsa04720	
hsa:3479 hsa:3630	hsa:3480 hsa:3643	activation	hsa04150	
hsa:596&hsa:598	hsa:441925 hsa:8678	inhibition	hsa04140	
hsa:2335	hsa:3688&hsa:3678	activation	hsa04512	
hsa:116379 hsa:1271 hsa:1438 hsa:1439 hsa:1441 hsa:149233 hsa:163702 hsa:1956 hsa:2057 hsa:2690 hsa:3454 hsa:3455 hsa:3459 hsa:3460 hsa:3559 hsa:3560 hsa:3561 hsa:3563 hsa:3566 hsa:3568 hsa:3570 hsa:3572 hsa:3575 hsa:3581 hsa:3587 hsa:3588 hsa:3590 hsa:3594 hsa:3595 hsa:3597 hsa:3598 hsa:3601 hsa:3953 hsa:3977 hsa:4352 hsa:50615 hsa:5156 hsa:5159 hsa:53832 hsa:53833 hsa:5618 hsa:58985 hsa:64109 hsa:9180 hsa:9466	hsa:3716 hsa:3717 hsa:3718 hsa:7297	binding/association	hsa04630	
hsa:11009 hsa:1437 hsa:1489 hsa:282616 hsa:282617 hsa:282618 hsa:29949 hsa:338376 hsa:3439 hsa:3440 hsa:3441 hsa:3442 hsa:3443 hsa:3444 hsa:3445 hsa:3446 hsa:3447 hsa:3448 hsa:3449 hsa:3451 hsa:3452 hsa:3456 hsa:3458 hsa:3467 hsa:3558 hsa:3562 hsa:3565 hsa:3567 hsa:3569 hsa:3574 hsa:3578 hsa:3586 hsa:3589 hsa:3592 hsa:3593 hsa:3596 hsa:3600 hsa:3976 hsa:5008 hsa:50604 hsa:50616 hsa:51561 hsa:53342 hsa:56832 hsa:59067 hsa:85480	hsa:116379 hsa:1271 hsa:1438 hsa:1439 hsa:1441 hsa:149233 hsa:163702 hsa:1956 hsa:2057 hsa:2690 hsa:3454 hsa:3455 hsa:3459 hsa:3460 hsa:3559 hsa:3560 hsa:3561 hsa:3563 hsa:3566 hsa:3568 hsa:3570 hsa:3572 hsa:3575 hsa:3581 hsa:3587 hsa:3588 hsa:3590 hsa:3594 hsa:3595 hsa:3597 hsa:3598 hsa:3601 hsa:3953 hsa:3977 hsa:4352 hsa:50615 hsa:5156 hsa:5159 hsa:53832 hsa:53833 hsa:5618 hsa:58985 hsa:64109 hsa:9180 hsa:9466	activation	hsa04630	
hsa:5465&hsa:6256 hsa:6257 hsa:6258	hsa:335	expression	hsa03320	
hsa:10488 hsa:1385 hsa:1386 hsa:1388 hsa:148327 hsa:468 hsa:64764 hsa:84699 hsa:90993 hsa:9586	hsa:596	expression	hsa04151	
hsa:10488 hsa:1385 hsa:1386 hsa:1388 hsa:148327 hsa:468 hsa:64764 hsa:84699 hsa:90993 hsa:9586	hsa:596	expression	hsa04928	
hsa:2099 hsa:2100&hsa:10499 hsa:8202 hsa:8648	hsa:596	expression	hsa04915	
hsa:5594 hsa:5595	hsa:596	phosphorylation	hsa04510	
hsa:5594 hsa:5595	hsa:596	expression indirect effect	hsa04210	
hsa:10572	hsa:596	inhibition	hsa04115	
hsa:3091&hsa:405&hsa:1387 hsa:2033	hsa:596	expression	hsa04066	
hsa:4790&hsa:5970	hsa:596	expression	hsa04064	
hsa:1075 hsa:1508 hsa:1509 hsa:1512 hsa:1513 hsa:1514 hsa:1515 hsa:1519 hsa:1520 hsa:1521 hsa:1522 hsa:8722	hsa:596	inhibition	hsa04210	
hsa:10000 hsa:207 hsa:208	hsa:596	activation	hsa04725	
hsa:10000 hsa:207 hsa:208	hsa:596	activation	hsa04071	
hsa:6772 hsa:6773 hsa:6774 hsa:6775 hsa:6776 hsa:6777 hsa:6778&hsa:6772 hsa:6773 hsa:6774 hsa:6775 hsa:6776 hsa:6777 hsa:6778	hsa:596	expression	hsa04630	
hsa:596	hsa:7157	binding/association	hsa04071	
hsa:100861540 hsa:1543 hsa:1544 hsa:1551 hsa:1577	hsa:1586	compound irreversible	hsa00140	
hsa:1571 hsa:1576	hsa:1586	compound irreversible	hsa00140	
hsa:3973	hsa:1586	activation indirect effect	hsa04917	
hsa:3283 hsa:3284	hsa:1586	compound irreversible	hsa00140	
hsa:1586	hsa:3283 hsa:3284	compound irreversible	hsa00140	
hsa:1586	hsa:3283 hsa:3284	compound irreversible	hsa00140	
hsa:3283 hsa:3284	hsa:1586	compound irreversible	hsa00140	
hsa:1586	hsa:3283 hsa:3284	compound irreversible	hsa00140	
hsa:1586	hsa:3283 hsa:3284	compound irreversible	hsa00140	
hsa:1586	hsa:3283 hsa:3284	compound irreversible	hsa00140	
hsa:1586	hsa:3283 hsa:3284	compound irreversible	hsa00140	
hsa:3283 hsa:3284	hsa:1586	compound irreversible	hsa00140	
hsa:3283 hsa:3284	hsa:1586	compound irreversible	hsa00140	
hsa:3283 hsa:3284	hsa:1586	compound irreversible	hsa00140	
hsa:3283 hsa:3284	hsa:1586	compound irreversible	hsa00140	
hsa:3283 hsa:3284	hsa:1586	compound irreversible	hsa00140	
hsa:3283 hsa:3284	hsa:1586	compound irreversible	hsa00140	
hsa:3283 hsa:3284	hsa:1586	compound irreversible	hsa00140	
hsa:3283 hsa:3284	hsa:1586	compound irreversible	hsa00140	
hsa:1588	hsa:1586	compound irreversible	hsa00140	
hsa:1586	hsa:6715 hsa:6716 hsa:79644	compound irreversible	hsa00140	
hsa:6715 hsa:6716 hsa:79644	hsa:1586	compound irreversible	hsa00140	
hsa:316	hsa:1543 hsa:1544	compound irreversible	hsa00830	
hsa:316	hsa:11112	compound irreversible	hsa00280	
hsa:316	hsa:18	compound irreversible	hsa00280	
hsa:438	hsa:316	compound irreversible	hsa00380	
hsa:316	hsa:1543	compound irreversible	hsa00830	
hsa:316	hsa:55163	compound irreversible	hsa00750	
hsa:316	hsa:55163	compound irreversible	hsa00750	
hsa:493911 hsa:57026	hsa:316	compound irreversible	hsa00750	
hsa:316	hsa:4329	compound irreversible	hsa00280	
hsa:316	hsa:10720 hsa:10941 hsa:54490 hsa:54575 hsa:54576 hsa:54577 hsa:54578 hsa:54579 hsa:54600 hsa:54657 hsa:54658 hsa:54659 hsa:574537 hsa:7363 hsa:7364 hsa:7365 hsa:7366 hsa:7367 hsa:79799	compound irreversible	hsa00830	
hsa:316	hsa:1548 hsa:1555 hsa:29785	compound irreversible	hsa00830	
hsa:316	hsa:1548 hsa:1555 hsa:1558 hsa:1559 hsa:1562	compound irreversible	hsa00830	
hsa:316	hsa:100861540 hsa:1551 hsa:1577	compound irreversible	hsa00830	
hsa:316	hsa:1592 hsa:340665 hsa:56603	compound irreversible	hsa00830	
hsa:316	hsa:1592 hsa:340665 hsa:56603	compound irreversible	hsa00830	
hsa:4128 hsa:4129	hsa:316	compound irreversible	hsa00380	
hsa:4128 hsa:4129	hsa:316	compound irreversible	hsa00982	
hsa:4128 hsa:4129	hsa:316	compound irreversible	hsa00982	
hsa:4128 hsa:4129	hsa:316	compound irreversible	hsa00982	
hsa:316	hsa:1548 hsa:1555 hsa:1558 hsa:1559 hsa:1562 hsa:29785	compound irreversible	hsa00830	
hsa:316	hsa:100861540 hsa:1551 hsa:1576 hsa:1577	compound irreversible	hsa00830	
hsa:316	hsa:100861540 hsa:1551 hsa:1576 hsa:1577	compound irreversible	hsa00830	
hsa:145226 hsa:51109 hsa:5959	hsa:316	compound irreversible	hsa00830	
hsa:6772 hsa:6773 hsa:6774 hsa:6775 hsa:6776 hsa:6777 hsa:6778&hsa:6772 hsa:6773 hsa:6774 hsa:6775 hsa:6776 hsa:6777 hsa:6778	hsa:316	expression	hsa04630	
hsa:1962 hsa:3033	hsa:316	compound irreversible	hsa00280	
hsa:64902	hsa:316	compound irreversible	hsa00280	
hsa:316	hsa:1579 hsa:284541	compound irreversible	hsa00830	
hsa:195814 hsa:8630	hsa:316	compound irreversible	hsa00830	
hsa:124 hsa:125 hsa:126 hsa:127 hsa:128 hsa:130 hsa:131	hsa:316	compound irreversible	hsa00830	
hsa:4837	hsa:316	compound irreversible	hsa00760	
hsa:316	hsa:4837	compound irreversible	hsa00760	
hsa:3630	hsa:3480	activation	hsa04914	
hsa:3630	hsa:3480	activation	hsa04114	
hsa:163688 hsa:51806 hsa:801 hsa:805 hsa:808 hsa:810 hsa:91860	hsa:5136 hsa:5137 hsa:5153	activation	hsa04740	
hsa:163688 hsa:51806 hsa:801 hsa:805 hsa:808 hsa:810 hsa:91860	hsa:5136 hsa:5137 hsa:5153	activation	hsa04020	
hsa:1571	hsa:240	compound irreversible	hsa00590	
hsa:1555 hsa:1559 hsa:1573	hsa:240	compound irreversible	hsa00590	
hsa:1555 hsa:1573	hsa:240	compound irreversible	hsa00590	
hsa:1555 hsa:1558 hsa:1559 hsa:1573	hsa:240	compound irreversible	hsa00590	
hsa:1555 hsa:1558 hsa:1559 hsa:1573	hsa:240	compound irreversible	hsa00590	
hsa:240	hsa:5742 hsa:5743	compound irreversible	hsa00590	
hsa:1557	hsa:240	compound irreversible	hsa00590	
hsa:6783	hsa:1588	compound irreversible	hsa00140	
hsa:1576	hsa:6783	compound irreversible	hsa00140	
hsa:6783	hsa:1543	compound irreversible	hsa00140	
hsa:8644	hsa:6783	compound irreversible	hsa00140	
hsa:6783	hsa:1577	compound irreversible	hsa00140	
hsa:6783	hsa:10720 hsa:10941 hsa:54490 hsa:54575 hsa:54576 hsa:54577 hsa:54578 hsa:54579 hsa:54600 hsa:54657 hsa:54658 hsa:54659 hsa:574537 hsa:7363 hsa:7364 hsa:7365 hsa:7366 hsa:7367 hsa:79799	compound irreversible	hsa00140	
hsa:3292 hsa:3294 hsa:51144 hsa:51478 hsa:7923 hsa:8630	hsa:6783	compound irreversible	hsa00140	
hsa:1544	hsa:1576 hsa:1577	compound irreversible	hsa00980	
hsa:1544	hsa:1576 hsa:1577	compound irreversible	hsa00980	
hsa:1544	hsa:1576 hsa:1577	compound irreversible	hsa00980	
hsa:1544	hsa:1576 hsa:1577	compound irreversible	hsa00980	
hsa:1544	hsa:1576 hsa:1577	compound irreversible	hsa00980	
hsa:1548	hsa:1576 hsa:1577	compound irreversible	hsa00980	
hsa:1553	hsa:1576 hsa:1577	compound irreversible	hsa00980	
hsa:1576 hsa:1577	hsa:119391 hsa:221357 hsa:27306 hsa:2938 hsa:2939 hsa:2940 hsa:2941 hsa:2944 hsa:2946 hsa:2947 hsa:2948 hsa:2949 hsa:2950 hsa:2952 hsa:2953 hsa:373156 hsa:4257 hsa:4258 hsa:4259 hsa:653689 hsa:9446	compound irreversible	hsa00980	
hsa:2099	hsa:6546	expression	hsa04961	
hsa:10344 hsa:10563 hsa:10850 hsa:2919 hsa:2920 hsa:2921 hsa:3576 hsa:3627 hsa:388372 hsa:414062 hsa:4283 hsa:5196 hsa:5197 hsa:5473 hsa:56477 hsa:58191 hsa:6346 hsa:6347 hsa:6348 hsa:6349 hsa:6351 hsa:6352 hsa:6354 hsa:6355 hsa:6356 hsa:6357 hsa:6358 hsa:6359 hsa:6360 hsa:6361 hsa:6362 hsa:6363 hsa:6364 hsa:6366 hsa:6367 hsa:6368 hsa:6369 hsa:6370 hsa:6372 hsa:6373 hsa:6374 hsa:6375 hsa:6376 hsa:6387 hsa:6846 hsa:9547 hsa:9560	hsa:10663 hsa:10803 hsa:1230 hsa:1232 hsa:1233 hsa:1234 hsa:1235 hsa:1236 hsa:1237 hsa:1524 hsa:2826 hsa:2829 hsa:2833 hsa:3577 hsa:3579 hsa:643 hsa:729230 hsa:7852	activation binding/association	hsa04062	
hsa:3760	hsa:773	inhibition	hsa04724	
hsa:998	hsa:1432 hsa:5600 hsa:5603 hsa:6300	activation	hsa04370	
hsa:3791	hsa:998	activation	hsa04370	
hsa:6714	hsa:998	indirect effect	hsa04912	
hsa:6714&hsa:9855	hsa:998	activation	hsa04015	
hsa:10928	hsa:998	activation	hsa04014	
hsa:1813	hsa:6531	activation	hsa04728	
hsa:10846 hsa:50940 hsa:5136 hsa:5137 hsa:5138 hsa:5139 hsa:5140 hsa:5153	hsa:132	compound irreversible	hsa00230	
hsa:10846 hsa:50940 hsa:5136 hsa:5137 hsa:5138 hsa:5139 hsa:5140 hsa:5153	hsa:1633	compound irreversible	hsa00230	
hsa:10846 hsa:50940 hsa:5136 hsa:5137 hsa:5138 hsa:5139 hsa:5140 hsa:5153	hsa:353	compound irreversible	hsa00230	
hsa:5167 hsa:5169	hsa:10846 hsa:50940 hsa:5136 hsa:5137 hsa:5138 hsa:5139 hsa:5140 hsa:5153	compound irreversible	hsa00230	
hsa:10846 hsa:50940 hsa:5136 hsa:5137 hsa:5138 hsa:5139 hsa:5140 hsa:5153	hsa:100526794 hsa:115024 hsa:22978 hsa:30833 hsa:4907 hsa:51251 hsa:56953 hsa:84618 hsa:93034	compound irreversible	hsa00230	
hsa:102157402 hsa:122481 hsa:158067 hsa:203 hsa:204 hsa:205 hsa:221264 hsa:26289 hsa:390877	hsa:10846 hsa:50940 hsa:5136 hsa:5137 hsa:5138 hsa:5139 hsa:5140 hsa:5153	compound irreversible	hsa00230	
hsa:1440 hsa:1442 hsa:1443 hsa:2056 hsa:2688 hsa:2689 hsa:3439 hsa:3440 hsa:3441 hsa:3442 hsa:3443 hsa:3444 hsa:3445 hsa:3446 hsa:3447 hsa:3448 hsa:3449 hsa:3451 hsa:3452 hsa:3456 hsa:3558 hsa:3562 hsa:3565 hsa:3569 hsa:3574 hsa:5008 hsa:5617	hsa:1441 hsa:2057 hsa:2690 hsa:3454 hsa:3455 hsa:3559 hsa:3560 hsa:3561 hsa:3563 hsa:3566 hsa:3570 hsa:3575 hsa:5618 hsa:9180&hsa:3716 hsa:3717 hsa:3718	activation	hsa04151	
hsa:1435 hsa:1942 hsa:1943 hsa:1944 hsa:1945 hsa:1946 hsa:1950 hsa:2069 hsa:2246 hsa:2247 hsa:2248 hsa:2249 hsa:2250 hsa:2251 hsa:2252 hsa:2253 hsa:2254 hsa:2255 hsa:2277 hsa:2323 hsa:26281 hsa:26291 hsa:27006 hsa:284 hsa:285 hsa:3082 hsa:3479 hsa:3481 hsa:3630 hsa:374 hsa:4254 hsa:4803 hsa:4908 hsa:4909 hsa:51378 hsa:5154 hsa:5155 hsa:5228 hsa:56034 hsa:627 hsa:7039 hsa:7422 hsa:7423 hsa:7424 hsa:80310 hsa:8074 hsa:8817 hsa:8822 hsa:8823 hsa:9965	hsa:1436 hsa:1956 hsa:1969 hsa:2064 hsa:2065 hsa:2066 hsa:2260 hsa:2261 hsa:2263 hsa:2264 hsa:2321 hsa:2322 hsa:2324 hsa:3480 hsa:3643 hsa:3791 hsa:3815 hsa:4233 hsa:4804 hsa:4914 hsa:4915 hsa:5156 hsa:5159 hsa:7010	activation	hsa04151	
hsa:1435 hsa:1942 hsa:1943 hsa:1944 hsa:1945 hsa:1946 hsa:1950 hsa:2069 hsa:2246 hsa:2247 hsa:2248 hsa:2249 hsa:2250 hsa:2251 hsa:2252 hsa:2253 hsa:2254 hsa:2255 hsa:2277 hsa:2323 hsa:26281 hsa:26291 hsa:27006 hsa:284 hsa:285 hsa:3082 hsa:3479 hsa:3481 hsa:3630 hsa:374 hsa:4254 hsa:4803 hsa:4908 hsa:4909 hsa:51378 hsa:5154 hsa:5155 hsa:5228 hsa:56034 hsa:627 hsa:7039 hsa:7422 hsa:7423 hsa:7424 hsa:80310 hsa:8074 hsa:8817 hsa:8822 hsa:8823 hsa:9965	hsa:1436 hsa:1956 hsa:1969 hsa:2064 hsa:2065 hsa:2066 hsa:2260 hsa:2261 hsa:2263 hsa:2264 hsa:2321 hsa:2322 hsa:2324 hsa:3480 hsa:3643 hsa:3791 hsa:3815 hsa:4233 hsa:4804 hsa:4914 hsa:4915 hsa:5156 hsa:5159 hsa:7010	activation	hsa04010	
hsa:1543 hsa:1544	hsa:1592 hsa:340665 hsa:56603	compound irreversible	hsa00830	
hsa:1592 hsa:340665 hsa:56603	hsa:1543 hsa:1544	compound irreversible	hsa00830	
hsa:1543 hsa:1544	hsa:1592 hsa:340665 hsa:56603	compound irreversible	hsa00830	
hsa:1543 hsa:1544	hsa:1571	compound irreversible	hsa00980	
hsa:1571	hsa:1543 hsa:1544	compound irreversible	hsa00980	
hsa:1543 hsa:1544	hsa:1548 hsa:1555 hsa:1558 hsa:1559 hsa:1562 hsa:29785	compound irreversible	hsa00830	
hsa:1548 hsa:1555 hsa:1558 hsa:1559 hsa:1562 hsa:29785	hsa:1543 hsa:1544	compound irreversible	hsa00830	
hsa:216 hsa:8854	hsa:1543 hsa:1544	compound irreversible	hsa00830	
hsa:1543 hsa:1544	hsa:100861540 hsa:1551 hsa:1576 hsa:1577	compound irreversible	hsa00830	
hsa:1543 hsa:1544	hsa:100861540 hsa:1551 hsa:1576 hsa:1577	compound irreversible	hsa00830	
hsa:100861540 hsa:1551 hsa:1576 hsa:1577	hsa:1543 hsa:1544	compound irreversible	hsa00830	
hsa:1543 hsa:1544	hsa:10720 hsa:10941 hsa:54490 hsa:54575 hsa:54576 hsa:54577 hsa:54578 hsa:54579 hsa:54600 hsa:54657 hsa:54658 hsa:54659 hsa:574537 hsa:7363 hsa:7364 hsa:7365 hsa:7366 hsa:7367 hsa:79799	compound irreversible	hsa00830	
hsa:1543 hsa:1544	hsa:1579 hsa:284541	compound irreversible	hsa00830	
hsa:1543 hsa:1544	hsa:1548 hsa:1555 hsa:29785	compound irreversible	hsa00830	
hsa:1543 hsa:1544	hsa:1548 hsa:1555 hsa:1558 hsa:1559 hsa:1562	compound irreversible	hsa00830	
hsa:119391 hsa:221357 hsa:27306 hsa:2938 hsa:2939 hsa:2940 hsa:2941 hsa:2944 hsa:2946 hsa:2947 hsa:2948 hsa:2949 hsa:2950 hsa:2952 hsa:2953 hsa:373156 hsa:4257 hsa:4258 hsa:4259 hsa:653689 hsa:9446	hsa:1543 hsa:1544	compound irreversible	hsa00980	
hsa:119391 hsa:221357 hsa:27306 hsa:2938 hsa:2939 hsa:2940 hsa:2941 hsa:2944 hsa:2946 hsa:2947 hsa:2948 hsa:2949 hsa:2950 hsa:2952 hsa:2953 hsa:373156 hsa:4257 hsa:4258 hsa:4259 hsa:653689 hsa:9446	hsa:1543 hsa:1544	compound irreversible	hsa00980	
hsa:1543 hsa:1544	hsa:119391 hsa:221357 hsa:27306 hsa:2938 hsa:2939 hsa:2940 hsa:2941 hsa:2944 hsa:2946 hsa:2947 hsa:2948 hsa:2949 hsa:2950 hsa:2952 hsa:2953 hsa:373156 hsa:4257 hsa:4258 hsa:4259 hsa:653689 hsa:9446	compound irreversible	hsa00980	
hsa:1543 hsa:1544	hsa:119391 hsa:221357 hsa:27306 hsa:2938 hsa:2939 hsa:2940 hsa:2941 hsa:2944 hsa:2946 hsa:2947 hsa:2948 hsa:2949 hsa:2950 hsa:2952 hsa:2953 hsa:373156 hsa:4257 hsa:4258 hsa:4259 hsa:653689 hsa:9446	compound irreversible	hsa00980	
hsa:1543 hsa:1544	hsa:119391 hsa:221357 hsa:27306 hsa:2938 hsa:2939 hsa:2940 hsa:2941 hsa:2944 hsa:2946 hsa:2947 hsa:2948 hsa:2949 hsa:2950 hsa:2952 hsa:2953 hsa:373156 hsa:4257 hsa:4258 hsa:4259 hsa:653689 hsa:9446	compound irreversible	hsa00980	
hsa:1543 hsa:1544	hsa:119391 hsa:221357 hsa:27306 hsa:2938 hsa:2939 hsa:2940 hsa:2941 hsa:2944 hsa:2946 hsa:2947 hsa:2948 hsa:2949 hsa:2950 hsa:2952 hsa:2953 hsa:373156 hsa:4257 hsa:4258 hsa:4259 hsa:653689 hsa:9446	compound irreversible	hsa00980	
hsa:1543 hsa:1544	hsa:100861540 hsa:1551 hsa:1577	compound irreversible	hsa00830	
hsa:2099 hsa:2100&hsa:10499 hsa:8202 hsa:8648	hsa:5914	expression	hsa04915	
hsa:2099 hsa:2100&hsa:10499 hsa:8202 hsa:8648	hsa:7031	expression	hsa04915	
hsa:2099 hsa:2100&hsa:10499 hsa:8202 hsa:8648	hsa:7031	expression	hsa04915	
hsa:2099 hsa:2100&hsa:10499 hsa:8202 hsa:8648	hsa:100653049 hsa:125115 hsa:147183 hsa:162605 hsa:192666 hsa:25984 hsa:342574 hsa:353288 hsa:3857 hsa:3858 hsa:3859 hsa:3860 hsa:3861 hsa:3866 hsa:3868 hsa:3872 hsa:3875 hsa:3880 hsa:3881 hsa:3882 hsa:3883 hsa:3884 hsa:3885 hsa:3886 hsa:390792 hsa:54474 hsa:8687 hsa:8688 hsa:8689	expression	hsa04915	
hsa:2099 hsa:2100&hsa:10499 hsa:8202 hsa:8648	hsa:5241	expression	hsa04915	
hsa:2099 hsa:2100&hsa:10499 hsa:8202 hsa:8648	hsa:5241	expression	hsa04915	
hsa:2099 hsa:2100&hsa:10499 hsa:8202 hsa:8648	hsa:1509	expression	hsa04915	
hsa:2488	hsa:117 hsa:135 hsa:139760 hsa:153 hsa:1812 hsa:1816 hsa:2492 hsa:2696 hsa:2740 hsa:3360 hsa:3362 hsa:4158 hsa:4881 hsa:5732 hsa:7253 hsa:7434	activation	hsa04024	
hsa:5465	hsa:126129 hsa:1374 hsa:1375	expression	hsa04920	
hsa:1548	hsa:1806	compound irreversible	hsa00983	
hsa:5465&hsa:6256 hsa:6257 hsa:6258	hsa:126129 hsa:1374 hsa:1375	expression	hsa03320	
hsa:5465&hsa:6256 hsa:6257 hsa:6258	hsa:336	expression	hsa03320	
hsa:5465&hsa:6256 hsa:6257 hsa:6258	hsa:2180 hsa:2181 hsa:2182 hsa:23205 hsa:23305 hsa:51703 hsa:81616	expression	hsa03320	
hsa:5465&hsa:6256 hsa:6257 hsa:6258	hsa:4199	expression	hsa03320	
hsa:5465&hsa:6256 hsa:6257 hsa:6258	hsa:10062	expression	hsa03320	
hsa:5465&hsa:6256 hsa:6257 hsa:6258	hsa:2168	expression	hsa03320	
hsa:5465&hsa:6256 hsa:6257 hsa:6258	hsa:1579 hsa:284541	expression	hsa03320	
hsa:5465&hsa:6256 hsa:6257 hsa:6258	hsa:1962	expression	hsa03320	
hsa:5465&hsa:6256 hsa:6257 hsa:6258	hsa:1376	expression	hsa03320	
hsa:10846 hsa:50940 hsa:5136 hsa:5137 hsa:5138 hsa:5139 hsa:5140 hsa:5145 hsa:5146 hsa:5147 hsa:5148 hsa:5149 hsa:5152 hsa:5153 hsa:5158 hsa:8654	hsa:353	compound irreversible	hsa00230	
hsa:5167 hsa:5169	hsa:10846 hsa:50940 hsa:5136 hsa:5137 hsa:5138 hsa:5139 hsa:5140 hsa:5145 hsa:5146 hsa:5147 hsa:5148 hsa:5149 hsa:5152 hsa:5153 hsa:5158 hsa:8654	compound irreversible	hsa00230	
hsa:10846 hsa:50940 hsa:5136 hsa:5137 hsa:5138 hsa:5139 hsa:5140 hsa:5145 hsa:5146 hsa:5147 hsa:5148 hsa:5149 hsa:5152 hsa:5153 hsa:5158 hsa:8654	hsa:100526794 hsa:115024 hsa:22978 hsa:30833 hsa:4907 hsa:51251 hsa:56953 hsa:84618 hsa:93034	compound irreversible	hsa00230	
hsa:10846 hsa:50940 hsa:5136 hsa:5137 hsa:5138 hsa:5139 hsa:5140 hsa:5145 hsa:5146 hsa:5147 hsa:5148 hsa:5149 hsa:5152 hsa:5153 hsa:5158 hsa:8654	hsa:3251	compound irreversible	hsa00230	
hsa:2977 hsa:2982 hsa:2983 hsa:2984 hsa:2986 hsa:3000 hsa:4881 hsa:4882	hsa:10846 hsa:50940 hsa:5136 hsa:5137 hsa:5138 hsa:5139 hsa:5140 hsa:5145 hsa:5146 hsa:5147 hsa:5148 hsa:5149 hsa:5152 hsa:5153 hsa:5158 hsa:8654	compound irreversible	hsa00230	
hsa:10846 hsa:50940 hsa:5136 hsa:5137 hsa:5138 hsa:5139 hsa:5140 hsa:5145 hsa:5146 hsa:5147 hsa:5148 hsa:5149 hsa:5152 hsa:5153 hsa:5158 hsa:8654	hsa:3704	compound irreversible	hsa00230	
hsa:3350 hsa:3351 hsa:3352 hsa:3354 hsa:3355	hsa:10681 hsa:2770 hsa:2771 hsa:2773 hsa:2775 hsa:2782 hsa:2783 hsa:2784 hsa:2785 hsa:2786 hsa:2787 hsa:2788 hsa:2790 hsa:2791 hsa:2792 hsa:2793 hsa:51764 hsa:54331 hsa:55970 hsa:59345 hsa:94235	activation	hsa04726	
hsa:5742 hsa:5743	hsa:5740	compound irreversible	hsa00590	
hsa:1588	hsa:3293	compound irreversible	hsa00140	
hsa:1588	hsa:3293	compound irreversible	hsa00140	
hsa:10720 hsa:10941 hsa:54490 hsa:54575 hsa:54576 hsa:54577 hsa:54578 hsa:54579 hsa:54600 hsa:54657 hsa:54658 hsa:54659 hsa:574537 hsa:7363 hsa:7364 hsa:7365 hsa:7366 hsa:7367 hsa:79799	hsa:3293	compound irreversible	hsa00140	
hsa:6715 hsa:6716 hsa:79644	hsa:3293	compound irreversible	hsa00140	
hsa:6715 hsa:6716 hsa:79644	hsa:3293	compound irreversible	hsa00140	
hsa:3283 hsa:3284	hsa:3293	compound irreversible	hsa00140	
hsa:3283 hsa:3284	hsa:3293	compound irreversible	hsa00140	
hsa:3283 hsa:3284	hsa:3293	compound irreversible	hsa00140	
hsa:3283 hsa:3284	hsa:3293	compound irreversible	hsa00140	
hsa:1956 hsa:2064 hsa:3480 hsa:3643	hsa:5604 hsa:5605	activation indirect effect	hsa04066	
hsa:6422 hsa:6423 hsa:6424 hsa:6425	hsa:51384 hsa:54361 hsa:7471 hsa:7472 hsa:7473 hsa:7474 hsa:7475 hsa:7476 hsa:7477 hsa:7478 hsa:7479 hsa:7480 hsa:7481 hsa:7482 hsa:7483 hsa:7484 hsa:80326 hsa:81029 hsa:89780	inhibition	hsa04310	
hsa:412	hsa:100861540 hsa:1543 hsa:1544 hsa:1551 hsa:1577	compound irreversible	hsa00140	
hsa:412	hsa:1571 hsa:1576	compound irreversible	hsa00140	
hsa:412	hsa:3283 hsa:3284	compound irreversible	hsa00140	
hsa:412	hsa:3283 hsa:3284	compound irreversible	hsa00140	
hsa:3283 hsa:3284	hsa:412	compound irreversible	hsa00140	
hsa:3283 hsa:3284	hsa:412	compound irreversible	hsa00140	
hsa:119391 hsa:221357 hsa:27306 hsa:2938 hsa:2939 hsa:2940 hsa:2941 hsa:2944 hsa:2946 hsa:2947 hsa:2948 hsa:2949 hsa:2950 hsa:2952 hsa:2953 hsa:373156 hsa:4257 hsa:4258 hsa:4259 hsa:653689 hsa:9446	hsa:257202 hsa:2876 hsa:2877 hsa:2878 hsa:2880 hsa:2882 hsa:493869	compound irreversible	hsa00480	
hsa:3356 hsa:3357 hsa:3358	hsa:775 hsa:776 hsa:778 hsa:779	activation	hsa04726	
hsa:6715 hsa:6716 hsa:79644	hsa:1646 hsa:8644	compound irreversible	hsa00140	
hsa:6715 hsa:6716 hsa:79644	hsa:1646 hsa:8644	compound irreversible	hsa00140	
hsa:1584 hsa:1585	hsa:1588	compound irreversible	hsa00140	
hsa:1584 hsa:1585	hsa:6715 hsa:6716 hsa:79644	compound irreversible	hsa00140	
hsa:1584 hsa:1585	hsa:6715 hsa:6716 hsa:79644	compound irreversible	hsa00140	
hsa:1584 hsa:1585	hsa:6715 hsa:6716 hsa:79644	compound irreversible	hsa00140	
hsa:3283 hsa:3284	hsa:1584 hsa:1585	compound irreversible	hsa00140	
hsa:3283 hsa:3284	hsa:1584 hsa:1585	compound irreversible	hsa00140	
hsa:3283 hsa:3284	hsa:1584 hsa:1585	compound irreversible	hsa00140	
hsa:3283 hsa:3284	hsa:1584 hsa:1585	compound irreversible	hsa00140	
hsa:1584 hsa:1585	hsa:3283 hsa:3284	compound irreversible	hsa00140	
hsa:1584 hsa:1585	hsa:3283 hsa:3284	compound irreversible	hsa00140	
hsa:1584 hsa:1585	hsa:3283 hsa:3284	compound irreversible	hsa00140	
hsa:1584 hsa:1585	hsa:3283 hsa:3284	compound irreversible	hsa00140	
hsa:1584 hsa:1585	hsa:3283 hsa:3284	compound irreversible	hsa00140	
hsa:1584 hsa:1585	hsa:3283 hsa:3284	compound irreversible	hsa00140	
hsa:1584 hsa:1585	hsa:3283 hsa:3284	compound irreversible	hsa00140	
hsa:1584 hsa:1585	hsa:3283 hsa:3284	compound irreversible	hsa00140	
hsa:1584 hsa:1585	hsa:3283 hsa:3284	compound irreversible	hsa00140	
hsa:1584 hsa:1585	hsa:3283 hsa:3284	compound irreversible	hsa00140	
hsa:1584 hsa:1585	hsa:3283 hsa:3284	compound irreversible	hsa00140	
hsa:1584 hsa:1585	hsa:3283 hsa:3284	compound irreversible	hsa00140	
hsa:3479 hsa:3630	hsa:3480	activation	hsa04213	
hsa:1571	hsa:246 hsa:247	compound irreversible	hsa00590	
hsa:1555 hsa:1559 hsa:1573	hsa:246 hsa:247	compound irreversible	hsa00590	
hsa:1555 hsa:1573	hsa:246 hsa:247	compound irreversible	hsa00590	
hsa:1555 hsa:1558 hsa:1559 hsa:1573	hsa:246 hsa:247	compound irreversible	hsa00590	
hsa:1555 hsa:1558 hsa:1559 hsa:1573	hsa:246 hsa:247	compound irreversible	hsa00590	
hsa:246 hsa:247	hsa:5742 hsa:5743	compound irreversible	hsa00590	
hsa:1557	hsa:246 hsa:247	compound irreversible	hsa00590	
hsa:3791	hsa:6714	activation	hsa04370	
hsa:6714	hsa:2099 hsa:2100	activation phosphorylation	hsa01522	
hsa:6714	hsa:2099 hsa:2100	activation phosphorylation	hsa01522	
hsa:2099 hsa:2100	hsa:6714	activation	hsa04915	
hsa:6714	hsa:7442	activation phosphorylation	hsa04750	
hsa:4790 hsa:5970	hsa:6347	activation	hsa04621	
hsa:3725	hsa:6347	activation	hsa04621	
hsa:10 hsa:9	hsa:1544	compound irreversible	hsa00232	
hsa:1544	hsa:10 hsa:9	compound irreversible	hsa00232	
hsa:1544	hsa:10 hsa:9	compound irreversible	hsa00232	
hsa:1066	hsa:10 hsa:9	compound irreversible	hsa00983	
hsa:1066	hsa:10 hsa:9	compound irreversible	hsa00983	
hsa:10 hsa:9	hsa:1066	compound irreversible	hsa00983	
hsa:10 hsa:9	hsa:1066	compound irreversible	hsa00983	
hsa:10 hsa:9	hsa:1066	compound irreversible	hsa00983	
hsa:4353	hsa:10 hsa:9	compound irreversible	hsa00983	
hsa:10 hsa:9	hsa:1571	compound irreversible	hsa00983	
hsa:10 hsa:9	hsa:1571	compound irreversible	hsa00983	
hsa:1548	hsa:10 hsa:9	compound irreversible	hsa00232	
hsa:10 hsa:9	hsa:7498	compound irreversible	hsa00232	
hsa:2902 hsa:2903 hsa:2904 hsa:2905 hsa:2906	hsa:4842	compound irreversible	hsa04713	
hsa:2902 hsa:2903 hsa:2904 hsa:2905 hsa:2906	hsa:4842	compound irreversible	hsa04713	
hsa:1555	hsa:1576	compound irreversible	hsa00982	
hsa:1576	hsa:1555	compound irreversible	hsa00982	
hsa:1555	hsa:1576	compound irreversible	hsa00982	
hsa:1576	hsa:1555	compound irreversible	hsa00982	
hsa:1555	hsa:1576	compound irreversible	hsa00982	
hsa:1555	hsa:6822	compound irreversible	hsa00980	
hsa:1555	hsa:1548	compound irreversible	hsa00982	
hsa:1555	hsa:1558	compound irreversible	hsa00982	
hsa:1577	hsa:1555	compound irreversible	hsa00982	
hsa:1545	hsa:1555	compound irreversible	hsa00980	
hsa:1555	hsa:1557 hsa:1559	compound irreversible	hsa00982	
hsa:10193 hsa:11059 hsa:23327 hsa:23624 hsa:4193 hsa:4734 hsa:57154 hsa:64750 hsa:7189 hsa:83737 hsa:867 hsa:868	hsa:1956 hsa:2261 hsa:2263 hsa:2264 hsa:3480 hsa:5156	ubiquitination	hsa04144	
hsa:5290 hsa:5291 hsa:5293 hsa:5294	hsa:3633 hsa:4952 hsa:56623 hsa:8867 hsa:8871	compound irreversible	hsa00562	
hsa:5468&hsa:6256 hsa:6257 hsa:6258	hsa:126129 hsa:1374 hsa:1375	expression	hsa03320	
hsa:10891&hsa:5465	hsa:126129 hsa:1374 hsa:1375	expression	hsa04922	
hsa:1109	hsa:10720 hsa:10941 hsa:54490 hsa:54575 hsa:54576 hsa:54577 hsa:54578 hsa:54579 hsa:54600 hsa:54657 hsa:54658 hsa:54659 hsa:574537 hsa:7363 hsa:7364 hsa:7365 hsa:7366 hsa:7367 hsa:79799	compound irreversible	hsa00140	
hsa:1109	hsa:10720 hsa:10941 hsa:54490 hsa:54575 hsa:54576 hsa:54577 hsa:54578 hsa:54579 hsa:54600 hsa:54657 hsa:54658 hsa:54659 hsa:574537 hsa:7363 hsa:7364 hsa:7365 hsa:7366 hsa:7367 hsa:79799	compound irreversible	hsa00140	
hsa:6715 hsa:6716 hsa:79644	hsa:1109	compound irreversible	hsa00140	
hsa:6715 hsa:6716 hsa:79644	hsa:1109	compound irreversible	hsa00140	
hsa:2335	hsa:3685&hsa:3690	activation	hsa04512	
hsa:1950 hsa:3479 hsa:3630	hsa:1956 hsa:2064 hsa:3480 hsa:3643	activation	hsa04066	
hsa:10681 hsa:2770 hsa:2771 hsa:2773 hsa:2775 hsa:2782 hsa:2783 hsa:2784 hsa:2785 hsa:2786 hsa:2787 hsa:2788 hsa:2790 hsa:2791 hsa:2792 hsa:2793 hsa:51764 hsa:54331 hsa:55970 hsa:59345 hsa:94235	hsa:773	inhibition	hsa04724	
hsa:6261	hsa:773	compound irreversible	hsa04730	
hsa:2099 hsa:2100	hsa:2353 hsa:3725 hsa:6667	binding/association	hsa04915	
hsa:119391 hsa:221357 hsa:27306 hsa:2938 hsa:2939 hsa:2940 hsa:2941 hsa:2944 hsa:2946 hsa:2947 hsa:2948 hsa:2949 hsa:2950 hsa:2952 hsa:2953 hsa:373156 hsa:4257 hsa:4258 hsa:4259 hsa:653689 hsa:9446	hsa:218 hsa:220 hsa:221 hsa:222	compound irreversible	hsa00982	
hsa:1571	hsa:119391 hsa:221357 hsa:27306 hsa:2938 hsa:2939 hsa:2940 hsa:2941 hsa:2944 hsa:2946 hsa:2947 hsa:2948 hsa:2949 hsa:2950 hsa:2952 hsa:2953 hsa:373156 hsa:4257 hsa:4258 hsa:4259 hsa:653689 hsa:9446	compound irreversible	hsa00980	
hsa:1571	hsa:119391 hsa:221357 hsa:27306 hsa:2938 hsa:2939 hsa:2940 hsa:2941 hsa:2944 hsa:2946 hsa:2947 hsa:2948 hsa:2949 hsa:2950 hsa:2952 hsa:2953 hsa:373156 hsa:4257 hsa:4258 hsa:4259 hsa:653689 hsa:9446	compound irreversible	hsa00980	
hsa:1571	hsa:119391 hsa:221357 hsa:27306 hsa:2938 hsa:2939 hsa:2940 hsa:2941 hsa:2944 hsa:2946 hsa:2947 hsa:2948 hsa:2949 hsa:2950 hsa:2952 hsa:2953 hsa:373156 hsa:4257 hsa:4258 hsa:4259 hsa:653689 hsa:9446	compound irreversible	hsa00980	
hsa:119391 hsa:221357 hsa:27306 hsa:2938 hsa:2939 hsa:2940 hsa:2941 hsa:2944 hsa:2946 hsa:2947 hsa:2948 hsa:2949 hsa:2950 hsa:2952 hsa:2953 hsa:373156 hsa:4257 hsa:4258 hsa:4259 hsa:653689 hsa:9446	hsa:1571	compound irreversible	hsa00980	
hsa:1571	hsa:119391 hsa:221357 hsa:27306 hsa:2938 hsa:2939 hsa:2940 hsa:2941 hsa:2944 hsa:2946 hsa:2947 hsa:2948 hsa:2949 hsa:2950 hsa:2952 hsa:2953 hsa:373156 hsa:4257 hsa:4258 hsa:4259 hsa:653689 hsa:9446	compound irreversible	hsa00980	
hsa:1571	hsa:119391 hsa:221357 hsa:27306 hsa:2938 hsa:2939 hsa:2940 hsa:2941 hsa:2944 hsa:2946 hsa:2947 hsa:2948 hsa:2949 hsa:2950 hsa:2952 hsa:2953 hsa:373156 hsa:4257 hsa:4258 hsa:4259 hsa:653689 hsa:9446	compound irreversible	hsa00980	
hsa:1571	hsa:119391 hsa:221357 hsa:27306 hsa:2938 hsa:2939 hsa:2940 hsa:2941 hsa:2944 hsa:2946 hsa:2947 hsa:2948 hsa:2949 hsa:2950 hsa:2952 hsa:2953 hsa:373156 hsa:4257 hsa:4258 hsa:4259 hsa:653689 hsa:9446	compound irreversible	hsa00980	
hsa:1571	hsa:119391 hsa:221357 hsa:27306 hsa:2938 hsa:2939 hsa:2940 hsa:2941 hsa:2944 hsa:2946 hsa:2947 hsa:2948 hsa:2949 hsa:2950 hsa:2952 hsa:2953 hsa:373156 hsa:4257 hsa:4258 hsa:4259 hsa:653689 hsa:9446	compound irreversible	hsa00980	
hsa:1571	hsa:119391 hsa:221357 hsa:27306 hsa:2938 hsa:2939 hsa:2940 hsa:2941 hsa:2944 hsa:2946 hsa:2947 hsa:2948 hsa:2949 hsa:2950 hsa:2952 hsa:2953 hsa:373156 hsa:4257 hsa:4258 hsa:4259 hsa:653689 hsa:9446	compound irreversible	hsa00980	
hsa:119391 hsa:221357 hsa:27306 hsa:2938 hsa:2939 hsa:2940 hsa:2941 hsa:2944 hsa:2946 hsa:2947 hsa:2948 hsa:2949 hsa:2950 hsa:2952 hsa:2953 hsa:373156 hsa:4257 hsa:4258 hsa:4259 hsa:653689 hsa:9446	hsa:1571	compound irreversible	hsa00980	
hsa:119391 hsa:221357 hsa:27306 hsa:2938 hsa:2939 hsa:2940 hsa:2941 hsa:2944 hsa:2946 hsa:2947 hsa:2948 hsa:2949 hsa:2950 hsa:2952 hsa:2953 hsa:373156 hsa:4257 hsa:4258 hsa:4259 hsa:653689 hsa:9446	hsa:1571	compound irreversible	hsa00980	
hsa:1548 hsa:1555 hsa:1571 hsa:1572 hsa:29785	hsa:119391 hsa:221357 hsa:27306 hsa:2938 hsa:2939 hsa:2940 hsa:2941 hsa:2944 hsa:2946 hsa:2947 hsa:2948 hsa:2949 hsa:2950 hsa:2952 hsa:2953 hsa:373156 hsa:4257 hsa:4258 hsa:4259 hsa:653689 hsa:9446	compound irreversible	hsa00980	
hsa:1548 hsa:1555 hsa:1571 hsa:1572 hsa:29785	hsa:119391 hsa:221357 hsa:27306 hsa:2938 hsa:2939 hsa:2940 hsa:2941 hsa:2944 hsa:2946 hsa:2947 hsa:2948 hsa:2949 hsa:2950 hsa:2952 hsa:2953 hsa:373156 hsa:4257 hsa:4258 hsa:4259 hsa:653689 hsa:9446	compound irreversible	hsa00980	
hsa:1543	hsa:119391 hsa:221357 hsa:27306 hsa:2938 hsa:2939 hsa:2940 hsa:2941 hsa:2944 hsa:2946 hsa:2947 hsa:2948 hsa:2949 hsa:2950 hsa:2952 hsa:2953 hsa:373156 hsa:4257 hsa:4258 hsa:4259 hsa:653689 hsa:9446	compound irreversible	hsa00980	
hsa:1543	hsa:119391 hsa:221357 hsa:27306 hsa:2938 hsa:2939 hsa:2940 hsa:2941 hsa:2944 hsa:2946 hsa:2947 hsa:2948 hsa:2949 hsa:2950 hsa:2952 hsa:2953 hsa:373156 hsa:4257 hsa:4258 hsa:4259 hsa:653689 hsa:9446	compound irreversible	hsa00980	
hsa:119391 hsa:221357 hsa:27306 hsa:2938 hsa:2939 hsa:2940 hsa:2941 hsa:2944 hsa:2946 hsa:2947 hsa:2948 hsa:2949 hsa:2950 hsa:2952 hsa:2953 hsa:373156 hsa:4257 hsa:4258 hsa:4259 hsa:653689 hsa:9446	hsa:51060	compound irreversible	hsa00480	
hsa:2937	hsa:119391 hsa:221357 hsa:27306 hsa:2938 hsa:2939 hsa:2940 hsa:2941 hsa:2944 hsa:2946 hsa:2947 hsa:2948 hsa:2949 hsa:2950 hsa:2952 hsa:2953 hsa:373156 hsa:4257 hsa:4258 hsa:4259 hsa:653689 hsa:9446	compound irreversible	hsa00480	
hsa:124975 hsa:2678 hsa:2686 hsa:2687	hsa:119391 hsa:221357 hsa:27306 hsa:2938 hsa:2939 hsa:2940 hsa:2941 hsa:2944 hsa:2946 hsa:2947 hsa:2948 hsa:2949 hsa:2950 hsa:2952 hsa:2953 hsa:373156 hsa:4257 hsa:4258 hsa:4259 hsa:653689 hsa:9446	compound irreversible	hsa00480	
hsa:124975 hsa:2678 hsa:2686 hsa:2687	hsa:119391 hsa:221357 hsa:27306 hsa:2938 hsa:2939 hsa:2940 hsa:2941 hsa:2944 hsa:2946 hsa:2947 hsa:2948 hsa:2949 hsa:2950 hsa:2952 hsa:2953 hsa:373156 hsa:4257 hsa:4258 hsa:4259 hsa:653689 hsa:9446	compound irreversible	hsa00480	
hsa:119391 hsa:221357 hsa:27306 hsa:2938 hsa:2939 hsa:2940 hsa:2941 hsa:2944 hsa:2946 hsa:2947 hsa:2948 hsa:2949 hsa:2950 hsa:2952 hsa:2953 hsa:373156 hsa:4257 hsa:4258 hsa:4259 hsa:653689 hsa:9446	hsa:124975 hsa:2678 hsa:2686 hsa:2687	compound irreversible	hsa00480	
hsa:119391 hsa:221357 hsa:27306 hsa:2938 hsa:2939 hsa:2940 hsa:2941 hsa:2944 hsa:2946 hsa:2947 hsa:2948 hsa:2949 hsa:2950 hsa:2952 hsa:2953 hsa:373156 hsa:4257 hsa:4258 hsa:4259 hsa:653689 hsa:9446	hsa:2879	compound irreversible	hsa00480	
hsa:1544	hsa:119391 hsa:221357 hsa:27306 hsa:2938 hsa:2939 hsa:2940 hsa:2941 hsa:2944 hsa:2946 hsa:2947 hsa:2948 hsa:2949 hsa:2950 hsa:2952 hsa:2953 hsa:373156 hsa:4257 hsa:4258 hsa:4259 hsa:653689 hsa:9446	compound irreversible	hsa00980	
hsa:119391 hsa:221357 hsa:27306 hsa:2938 hsa:2939 hsa:2940 hsa:2941 hsa:2944 hsa:2946 hsa:2947 hsa:2948 hsa:2949 hsa:2950 hsa:2952 hsa:2953 hsa:373156 hsa:4257 hsa:4258 hsa:4259 hsa:653689 hsa:9446	hsa:1576	compound irreversible	hsa00980	
hsa:1576	hsa:119391 hsa:221357 hsa:27306 hsa:2938 hsa:2939 hsa:2940 hsa:2941 hsa:2944 hsa:2946 hsa:2947 hsa:2948 hsa:2949 hsa:2950 hsa:2952 hsa:2953 hsa:373156 hsa:4257 hsa:4258 hsa:4259 hsa:653689 hsa:9446	compound irreversible	hsa00980	
hsa:1576	hsa:119391 hsa:221357 hsa:27306 hsa:2938 hsa:2939 hsa:2940 hsa:2941 hsa:2944 hsa:2946 hsa:2947 hsa:2948 hsa:2949 hsa:2950 hsa:2952 hsa:2953 hsa:373156 hsa:4257 hsa:4258 hsa:4259 hsa:653689 hsa:9446	compound irreversible	hsa00980	
hsa:1576	hsa:119391 hsa:221357 hsa:27306 hsa:2938 hsa:2939 hsa:2940 hsa:2941 hsa:2944 hsa:2946 hsa:2947 hsa:2948 hsa:2949 hsa:2950 hsa:2952 hsa:2953 hsa:373156 hsa:4257 hsa:4258 hsa:4259 hsa:653689 hsa:9446	compound irreversible	hsa00980	
hsa:1548	hsa:119391 hsa:221357 hsa:27306 hsa:2938 hsa:2939 hsa:2940 hsa:2941 hsa:2944 hsa:2946 hsa:2947 hsa:2948 hsa:2949 hsa:2950 hsa:2952 hsa:2953 hsa:373156 hsa:4257 hsa:4258 hsa:4259 hsa:653689 hsa:9446	compound irreversible	hsa00980	
hsa:119391 hsa:221357 hsa:27306 hsa:2938 hsa:2939 hsa:2940 hsa:2941 hsa:2944 hsa:2946 hsa:2947 hsa:2948 hsa:2949 hsa:2950 hsa:2952 hsa:2953 hsa:373156 hsa:4257 hsa:4258 hsa:4259 hsa:653689 hsa:9446	hsa:1553	compound irreversible	hsa00980	
hsa:2936	hsa:119391 hsa:221357 hsa:27306 hsa:2938 hsa:2939 hsa:2940 hsa:2941 hsa:2944 hsa:2946 hsa:2947 hsa:2948 hsa:2949 hsa:2950 hsa:2952 hsa:2953 hsa:373156 hsa:4257 hsa:4258 hsa:4259 hsa:653689 hsa:9446	compound irreversible	hsa00480	
hsa:1545	hsa:119391 hsa:221357 hsa:27306 hsa:2938 hsa:2939 hsa:2940 hsa:2941 hsa:2944 hsa:2946 hsa:2947 hsa:2948 hsa:2949 hsa:2950 hsa:2952 hsa:2953 hsa:373156 hsa:4257 hsa:4258 hsa:4259 hsa:653689 hsa:9446	compound irreversible	hsa00980	
hsa:119391 hsa:221357 hsa:27306 hsa:2938 hsa:2939 hsa:2940 hsa:2941 hsa:2944 hsa:2946 hsa:2947 hsa:2948 hsa:2949 hsa:2950 hsa:2952 hsa:2953 hsa:373156 hsa:4257 hsa:4258 hsa:4259 hsa:653689 hsa:9446	hsa:1545	compound irreversible	hsa00980	
hsa:119391 hsa:221357 hsa:27306 hsa:2938 hsa:2939 hsa:2940 hsa:2941 hsa:2944 hsa:2946 hsa:2947 hsa:2948 hsa:2949 hsa:2950 hsa:2952 hsa:2953 hsa:373156 hsa:4257 hsa:4258 hsa:4259 hsa:653689 hsa:9446	hsa:124 hsa:125 hsa:126 hsa:127 hsa:128 hsa:130 hsa:131	compound irreversible	hsa00982	
hsa:1559	hsa:119391 hsa:221357 hsa:27306 hsa:2938 hsa:2939 hsa:2940 hsa:2941 hsa:2944 hsa:2946 hsa:2947 hsa:2948 hsa:2949 hsa:2950 hsa:2952 hsa:2953 hsa:373156 hsa:4257 hsa:4258 hsa:4259 hsa:653689 hsa:9446	compound irreversible	hsa00980	
hsa:119391 hsa:221357 hsa:27306 hsa:2938 hsa:2939 hsa:2940 hsa:2941 hsa:2944 hsa:2946 hsa:2947 hsa:2948 hsa:2949 hsa:2950 hsa:2952 hsa:2953 hsa:373156 hsa:4257 hsa:4258 hsa:4259 hsa:653689 hsa:9446	hsa:1559	compound irreversible	hsa00980	
hsa:100137049 hsa:11145 hsa:123745 hsa:151056 hsa:255189 hsa:26279 hsa:283748 hsa:30814 hsa:391013 hsa:50487 hsa:5319 hsa:5320 hsa:5321 hsa:5322 hsa:64600 hsa:81579 hsa:8398 hsa:8399 hsa:84647 hsa:8605 hsa:8681	hsa:1571	compound irreversible	hsa00591	
hsa:1571	hsa:100137049 hsa:11145 hsa:123745 hsa:151056 hsa:255189 hsa:26279 hsa:283748 hsa:30814 hsa:391013 hsa:50487 hsa:5319 hsa:5320 hsa:5321 hsa:5322 hsa:64600 hsa:81579 hsa:8398 hsa:8399 hsa:84647 hsa:8605 hsa:8681	compound irreversible	hsa00590	
hsa:1571	hsa:100137049 hsa:11145 hsa:123745 hsa:151056 hsa:255189 hsa:26279 hsa:283748 hsa:30814 hsa:391013 hsa:50487 hsa:5319 hsa:5320 hsa:5321 hsa:5322 hsa:64600 hsa:81579 hsa:8398 hsa:8399 hsa:84647 hsa:8605 hsa:8681	compound irreversible	hsa00591	
hsa:1555 hsa:1558 hsa:1559 hsa:1573	hsa:100137049 hsa:11145 hsa:123745 hsa:151056 hsa:255189 hsa:26279 hsa:283748 hsa:30814 hsa:391013 hsa:50487 hsa:5319 hsa:5320 hsa:5321 hsa:5322 hsa:64600 hsa:81579 hsa:8398 hsa:8399 hsa:84647 hsa:8605 hsa:8681	compound irreversible	hsa00590	
hsa:1555 hsa:1558 hsa:1559 hsa:1573	hsa:100137049 hsa:11145 hsa:123745 hsa:151056 hsa:255189 hsa:26279 hsa:283748 hsa:30814 hsa:391013 hsa:50487 hsa:5319 hsa:5320 hsa:5321 hsa:5322 hsa:64600 hsa:81579 hsa:8398 hsa:8399 hsa:84647 hsa:8605 hsa:8681	compound irreversible	hsa00590	
hsa:1544	hsa:100137049 hsa:11145 hsa:123745 hsa:151056 hsa:255189 hsa:26279 hsa:283748 hsa:30814 hsa:391013 hsa:50487 hsa:5319 hsa:5320 hsa:5321 hsa:5322 hsa:64600 hsa:81579 hsa:8398 hsa:8399 hsa:84647 hsa:8605 hsa:8681	compound irreversible	hsa00591	
hsa:1544	hsa:100137049 hsa:11145 hsa:123745 hsa:151056 hsa:255189 hsa:26279 hsa:283748 hsa:30814 hsa:391013 hsa:50487 hsa:5319 hsa:5320 hsa:5321 hsa:5322 hsa:64600 hsa:81579 hsa:8398 hsa:8399 hsa:84647 hsa:8605 hsa:8681	compound irreversible	hsa00591	
hsa:1576	hsa:100137049 hsa:11145 hsa:123745 hsa:151056 hsa:255189 hsa:26279 hsa:283748 hsa:30814 hsa:391013 hsa:50487 hsa:5319 hsa:5320 hsa:5321 hsa:5322 hsa:64600 hsa:81579 hsa:8398 hsa:8399 hsa:84647 hsa:8605 hsa:8681	compound irreversible	hsa00591	
hsa:1576	hsa:100137049 hsa:11145 hsa:123745 hsa:151056 hsa:255189 hsa:26279 hsa:283748 hsa:30814 hsa:391013 hsa:50487 hsa:5319 hsa:5320 hsa:5321 hsa:5322 hsa:64600 hsa:81579 hsa:8398 hsa:8399 hsa:84647 hsa:8605 hsa:8681	compound irreversible	hsa00591	
hsa:100137049 hsa:11145 hsa:123745 hsa:151056 hsa:255189 hsa:26279 hsa:283748 hsa:30814 hsa:391013 hsa:50487 hsa:5319 hsa:5320 hsa:5321 hsa:5322 hsa:64600 hsa:81579 hsa:8398 hsa:8399 hsa:84647 hsa:8605 hsa:8681	hsa:5742 hsa:5743	compound irreversible	hsa00590	
hsa:1557 hsa:1558 hsa:1559	hsa:100137049 hsa:11145 hsa:123745 hsa:151056 hsa:255189 hsa:26279 hsa:283748 hsa:30814 hsa:391013 hsa:50487 hsa:5319 hsa:5320 hsa:5321 hsa:5322 hsa:64600 hsa:81579 hsa:8398 hsa:8399 hsa:84647 hsa:8605 hsa:8681	compound irreversible	hsa00591	
hsa:1557 hsa:1558 hsa:1559	hsa:100137049 hsa:11145 hsa:123745 hsa:151056 hsa:255189 hsa:26279 hsa:283748 hsa:30814 hsa:391013 hsa:50487 hsa:5319 hsa:5320 hsa:5321 hsa:5322 hsa:64600 hsa:81579 hsa:8398 hsa:8399 hsa:84647 hsa:8605 hsa:8681	compound irreversible	hsa00591	
hsa:1555 hsa:1573	hsa:100137049 hsa:11145 hsa:123745 hsa:151056 hsa:255189 hsa:26279 hsa:283748 hsa:30814 hsa:391013 hsa:50487 hsa:5319 hsa:5320 hsa:5321 hsa:5322 hsa:64600 hsa:81579 hsa:8398 hsa:8399 hsa:84647 hsa:8605 hsa:8681	compound irreversible	hsa00590	
hsa:1555 hsa:1559 hsa:1573	hsa:100137049 hsa:11145 hsa:123745 hsa:151056 hsa:255189 hsa:26279 hsa:283748 hsa:30814 hsa:391013 hsa:50487 hsa:5319 hsa:5320 hsa:5321 hsa:5322 hsa:64600 hsa:81579 hsa:8398 hsa:8399 hsa:84647 hsa:8605 hsa:8681	compound irreversible	hsa00590	
hsa:1557	hsa:100137049 hsa:11145 hsa:123745 hsa:151056 hsa:255189 hsa:26279 hsa:283748 hsa:30814 hsa:391013 hsa:50487 hsa:5319 hsa:5320 hsa:5321 hsa:5322 hsa:64600 hsa:81579 hsa:8398 hsa:8399 hsa:84647 hsa:8605 hsa:8681	compound irreversible	hsa00590	
hsa:5241	hsa:1432 hsa:5599 hsa:5600 hsa:5601 hsa:5602 hsa:5603 hsa:6300	activation	hsa04914	
hsa:1432 hsa:5599 hsa:5600 hsa:5601 hsa:5602 hsa:5603 hsa:6300	hsa:7442	activation indirect effect	hsa04750	
hsa:1592 hsa:340665 hsa:56603	hsa:1548 hsa:1555 hsa:1558 hsa:1559 hsa:1562	compound irreversible	hsa00830	
hsa:100861540 hsa:1551 hsa:1576 hsa:1577	hsa:1548 hsa:1555 hsa:1558 hsa:1559 hsa:1562	compound irreversible	hsa00830	
hsa:1548 hsa:1555 hsa:1558 hsa:1559 hsa:1562	hsa:10720 hsa:10941 hsa:54490 hsa:54575 hsa:54576 hsa:54577 hsa:54578 hsa:54579 hsa:54600 hsa:54657 hsa:54658 hsa:54659 hsa:574537 hsa:7363 hsa:7364 hsa:7365 hsa:7366 hsa:7367 hsa:79799	compound irreversible	hsa00830	
hsa:216 hsa:8854	hsa:1548 hsa:1555 hsa:1558 hsa:1559 hsa:1562	compound irreversible	hsa00830	
hsa:1548 hsa:1555 hsa:1558 hsa:1559 hsa:1562	hsa:100861540 hsa:1551 hsa:1577	compound irreversible	hsa00830	
hsa:3292 hsa:3294 hsa:51144 hsa:51478 hsa:7923 hsa:8630	hsa:1588	compound irreversible	hsa00140	
hsa:3292 hsa:3294 hsa:51144 hsa:51478 hsa:7923 hsa:8630	hsa:1588	compound irreversible	hsa00140	
hsa:1576	hsa:3292 hsa:3294 hsa:51144 hsa:51478 hsa:7923 hsa:8630	compound irreversible	hsa00140	
hsa:3292 hsa:3294 hsa:51144 hsa:51478 hsa:7923 hsa:8630	hsa:1576	compound irreversible	hsa00140	
hsa:3292 hsa:3294 hsa:51144 hsa:51478 hsa:7923 hsa:8630	hsa:1543	compound irreversible	hsa00140	
hsa:3292 hsa:3294 hsa:51144 hsa:51478 hsa:7923 hsa:8630	hsa:1543	compound irreversible	hsa00140	
hsa:3292 hsa:3294 hsa:51144 hsa:51478 hsa:7923 hsa:8630	hsa:1543	compound irreversible	hsa00140	
hsa:3292 hsa:3294 hsa:51144 hsa:51478 hsa:7923 hsa:8630	hsa:1577	compound irreversible	hsa00140	
hsa:1577	hsa:3292 hsa:3294 hsa:51144 hsa:51478 hsa:7923 hsa:8630	compound irreversible	hsa00140	
hsa:3292 hsa:3294 hsa:51144 hsa:51478 hsa:7923 hsa:8630	hsa:10720 hsa:10941 hsa:54490 hsa:54575 hsa:54576 hsa:54577 hsa:54578 hsa:54579 hsa:54600 hsa:54657 hsa:54658 hsa:54659 hsa:574537 hsa:7363 hsa:7364 hsa:7365 hsa:7366 hsa:7367 hsa:79799	compound irreversible	hsa00140	
hsa:3292 hsa:3294 hsa:51144 hsa:51478 hsa:7923 hsa:8630	hsa:10720 hsa:10941 hsa:54490 hsa:54575 hsa:54576 hsa:54577 hsa:54578 hsa:54579 hsa:54600 hsa:54657 hsa:54658 hsa:54659 hsa:574537 hsa:7363 hsa:7364 hsa:7365 hsa:7366 hsa:7367 hsa:79799	compound irreversible	hsa00140	
hsa:3292 hsa:3294 hsa:51144 hsa:51478 hsa:7923 hsa:8630	hsa:10720 hsa:10941 hsa:54490 hsa:54575 hsa:54576 hsa:54577 hsa:54578 hsa:54579 hsa:54600 hsa:54657 hsa:54658 hsa:54659 hsa:574537 hsa:7363 hsa:7364 hsa:7365 hsa:7366 hsa:7367 hsa:79799	compound irreversible	hsa00140	
hsa:3454 hsa:3455	hsa:3716	activation	hsa04621	
hsa:815 hsa:816 hsa:817 hsa:818	hsa:10368 hsa:10369 hsa:27091 hsa:27092 hsa:55799 hsa:59283 hsa:59284 hsa:59285 hsa:775 hsa:776 hsa:778 hsa:779 hsa:781 hsa:782 hsa:783 hsa:784 hsa:785 hsa:786 hsa:9254 hsa:93589	activation phosphorylation	hsa04261	
hsa:5327	hsa:5340	activation	hsa04610	
hsa:1555 hsa:1573	hsa:1571	compound irreversible	hsa00590	
hsa:1555 hsa:1573	hsa:1573	compound irreversible	hsa00590	
hsa:1555 hsa:1573	hsa:5742 hsa:5743	compound irreversible	hsa00590	
hsa:1557	hsa:1555 hsa:1573	compound irreversible	hsa00590	
hsa:1555 hsa:1573	hsa:1579 hsa:284541	compound irreversible	hsa00590	
hsa:1579 hsa:284541	hsa:1555 hsa:1573	compound irreversible	hsa00590	
hsa:1555 hsa:1573	hsa:1579 hsa:284541	compound irreversible	hsa00590	
hsa:2353 hsa:3725	hsa:3553	expression	hsa04620	
hsa:1588	hsa:3294 hsa:7923 hsa:8630	compound irreversible	hsa00140	
hsa:1588	hsa:3294 hsa:7923 hsa:8630	compound irreversible	hsa00140	
hsa:10720 hsa:10941 hsa:54490 hsa:54575 hsa:54576 hsa:54577 hsa:54578 hsa:54579 hsa:54600 hsa:54657 hsa:54658 hsa:54659 hsa:574537 hsa:7363 hsa:7364 hsa:7365 hsa:7366 hsa:7367 hsa:79799	hsa:3294 hsa:7923 hsa:8630	compound irreversible	hsa00140	
hsa:6715 hsa:6716 hsa:79644	hsa:3294 hsa:7923 hsa:8630	compound irreversible	hsa00140	
hsa:6715 hsa:6716 hsa:79644	hsa:3294 hsa:7923 hsa:8630	compound irreversible	hsa00140	
hsa:3283 hsa:3284	hsa:3294 hsa:7923 hsa:8630	compound irreversible	hsa00140	
hsa:3283 hsa:3284	hsa:3294 hsa:7923 hsa:8630	compound irreversible	hsa00140	
hsa:3283 hsa:3284	hsa:3294 hsa:7923 hsa:8630	compound irreversible	hsa00140	
hsa:3283 hsa:3284	hsa:3294 hsa:7923 hsa:8630	compound irreversible	hsa00140	
hsa:1589	hsa:3283 hsa:3284	compound irreversible	hsa00140	
hsa:1589	hsa:3283 hsa:3284	compound irreversible	hsa00140	
hsa:3283 hsa:3284	hsa:1589	compound irreversible	hsa00140	
hsa:3283 hsa:3284	hsa:1589	compound irreversible	hsa00140	
hsa:3283 hsa:3284	hsa:1589	compound irreversible	hsa00140	
hsa:3283 hsa:3284	hsa:1589	compound irreversible	hsa00140	
hsa:3283 hsa:3284	hsa:1589	compound irreversible	hsa00140	
hsa:3283 hsa:3284	hsa:1589	compound irreversible	hsa00140	
hsa:3283 hsa:3284	hsa:1589	compound irreversible	hsa00140	
hsa:3283 hsa:3284	hsa:1589	compound irreversible	hsa00140	
hsa:1589	hsa:3283 hsa:3284	compound irreversible	hsa00140	
hsa:1589	hsa:3283 hsa:3284	compound irreversible	hsa00140	
hsa:1589	hsa:3283 hsa:3284	compound irreversible	hsa00140	
hsa:1589	hsa:3283 hsa:3284	compound irreversible	hsa00140	
hsa:1589	hsa:3283 hsa:3284	compound irreversible	hsa00140	
hsa:1589	hsa:3283 hsa:3284	compound irreversible	hsa00140	
hsa:1589	hsa:3283 hsa:3284	compound irreversible	hsa00140	
hsa:1589	hsa:3283 hsa:3284	compound irreversible	hsa00140	
hsa:100861540 hsa:1543 hsa:1544 hsa:1551 hsa:1577	hsa:3283 hsa:3284	compound irreversible	hsa00140	
hsa:100861540 hsa:1543 hsa:1544 hsa:1551 hsa:1577	hsa:3283 hsa:3284	compound irreversible	hsa00140	
hsa:100861540 hsa:1543 hsa:1544 hsa:1551 hsa:1577	hsa:3283 hsa:3284	compound irreversible	hsa00140	
hsa:100861540 hsa:1543 hsa:1544 hsa:1551 hsa:1577	hsa:3283 hsa:3284	compound irreversible	hsa00140	
hsa:10720 hsa:10941 hsa:54490 hsa:54575 hsa:54576 hsa:54577 hsa:54578 hsa:54579 hsa:54600 hsa:54657 hsa:54658 hsa:54659 hsa:574537 hsa:7363 hsa:7364 hsa:7365 hsa:7366 hsa:7367 hsa:79799	hsa:3283 hsa:3284	compound irreversible	hsa00140	
hsa:10720 hsa:10941 hsa:54490 hsa:54575 hsa:54576 hsa:54577 hsa:54578 hsa:54579 hsa:54600 hsa:54657 hsa:54658 hsa:54659 hsa:574537 hsa:7363 hsa:7364 hsa:7365 hsa:7366 hsa:7367 hsa:79799	hsa:3283 hsa:3284	compound irreversible	hsa00140	
hsa:3283 hsa:3284	hsa:1571 hsa:1576	compound irreversible	hsa00140	
hsa:3283 hsa:3284	hsa:1571 hsa:1576	compound irreversible	hsa00140	
hsa:3283 hsa:3284	hsa:1571 hsa:1576	compound irreversible	hsa00140	
hsa:3283 hsa:3284	hsa:1571 hsa:1576	compound irreversible	hsa00140	
hsa:1588	hsa:3283 hsa:3284	compound irreversible	hsa00140	
hsa:1588	hsa:3283 hsa:3284	compound irreversible	hsa00140	
hsa:1588	hsa:3283 hsa:3284	compound irreversible	hsa00140	
hsa:1588	hsa:3283 hsa:3284	compound irreversible	hsa00140	
hsa:1583	hsa:3283 hsa:3284	compound irreversible	hsa00140	
hsa:1583	hsa:3283 hsa:3284	compound irreversible	hsa00140	
hsa:3283 hsa:3284	hsa:1583	compound irreversible	hsa00140	
hsa:3283 hsa:3284	hsa:1583	compound irreversible	hsa00140	
hsa:3290	hsa:3283 hsa:3284	compound irreversible	hsa00140	
hsa:3290	hsa:3283 hsa:3284	compound irreversible	hsa00140	
hsa:6820	hsa:3283 hsa:3284	compound irreversible	hsa00140	
hsa:6820	hsa:3283 hsa:3284	compound irreversible	hsa00140	
hsa:3283 hsa:3284	hsa:6820	compound irreversible	hsa00140	
hsa:3283 hsa:3284	hsa:6820	compound irreversible	hsa00140	
hsa:8644	hsa:3283 hsa:3284	compound irreversible	hsa00140	
hsa:8644	hsa:3283 hsa:3284	compound irreversible	hsa00140	
hsa:3283 hsa:3284	hsa:8644	compound irreversible	hsa00140	
hsa:3283 hsa:3284	hsa:8644	compound irreversible	hsa00140	
hsa:3283 hsa:3284	hsa:8644	compound irreversible	hsa00140	
hsa:3283 hsa:3284	hsa:8644	compound irreversible	hsa00140	
hsa:8644	hsa:3283 hsa:3284	compound irreversible	hsa00140	
hsa:8644	hsa:3283 hsa:3284	compound irreversible	hsa00140	
hsa:3283 hsa:3284	hsa:6718	compound irreversible	hsa00140	
hsa:3283 hsa:3284	hsa:6718	compound irreversible	hsa00140	
hsa:6718	hsa:3283 hsa:3284	compound irreversible	hsa00140	
hsa:6718	hsa:3283 hsa:3284	compound irreversible	hsa00140	
hsa:6718	hsa:3283 hsa:3284	compound irreversible	hsa00140	
hsa:6718	hsa:3283 hsa:3284	compound irreversible	hsa00140	
hsa:6718	hsa:3283 hsa:3284	compound irreversible	hsa00140	
hsa:6718	hsa:3283 hsa:3284	compound irreversible	hsa00140	
hsa:3291	hsa:3283 hsa:3284	compound irreversible	hsa00140	
hsa:3291	hsa:3283 hsa:3284	compound irreversible	hsa00140	
hsa:3283 hsa:3284	hsa:6715 hsa:6716 hsa:79644	compound irreversible	hsa00140	
hsa:3283 hsa:3284	hsa:6715 hsa:6716 hsa:79644	compound irreversible	hsa00140	
hsa:6715 hsa:6716 hsa:79644	hsa:3283 hsa:3284	compound irreversible	hsa00140	
hsa:6715 hsa:6716 hsa:79644	hsa:3283 hsa:3284	compound irreversible	hsa00140	
hsa:6715 hsa:6716 hsa:79644	hsa:3283 hsa:3284	compound irreversible	hsa00140	
hsa:6715 hsa:6716 hsa:79644	hsa:3283 hsa:3284	compound irreversible	hsa00140	
hsa:6715 hsa:6716 hsa:79644	hsa:3283 hsa:3284	compound irreversible	hsa00140	
hsa:6715 hsa:6716 hsa:79644	hsa:3283 hsa:3284	compound irreversible	hsa00140	
hsa:3283 hsa:3284	hsa:1645	compound irreversible	hsa00140	
hsa:3283 hsa:3284	hsa:1645	compound irreversible	hsa00140	
hsa:3283 hsa:3284	hsa:1645	compound irreversible	hsa00140	
hsa:3283 hsa:3284	hsa:1645	compound irreversible	hsa00140	
hsa:2335	hsa:22801 hsa:3655 hsa:3672 hsa:3673 hsa:3674 hsa:3675 hsa:3676 hsa:3678 hsa:3679 hsa:3680 hsa:3681 hsa:3682 hsa:3683 hsa:3684 hsa:3685 hsa:3687 hsa:3688 hsa:3689 hsa:3690 hsa:3691 hsa:3693 hsa:3694 hsa:3695 hsa:3696 hsa:8515 hsa:8516	activation	hsa04810	
hsa:1544	hsa:1553	compound irreversible	hsa00980	
hsa:1544	hsa:1553	compound irreversible	hsa00980	
hsa:1544	hsa:1553	compound irreversible	hsa00980	
hsa:1553	hsa:1576	compound irreversible	hsa00980	
hsa:1571	hsa:1553	compound irreversible	hsa00980	
hsa:1553	hsa:1543	compound irreversible	hsa00980	
hsa:1548	hsa:1553	compound irreversible	hsa00980	
hsa:1548	hsa:1553	compound irreversible	hsa00980	
hsa:1553	hsa:1548	compound irreversible	hsa00980	
hsa:1553	hsa:1548	compound irreversible	hsa00980	
hsa:107987478 hsa:107987479 hsa:1564 hsa:1565	hsa:1553	compound irreversible	hsa00980	
hsa:1553	hsa:10720 hsa:10941 hsa:54490 hsa:54575 hsa:54576 hsa:54577 hsa:54578 hsa:54579 hsa:54600 hsa:54657 hsa:54658 hsa:54659 hsa:574537 hsa:7363 hsa:7364 hsa:7365 hsa:7366 hsa:7367 hsa:79799	compound irreversible	hsa00980	
hsa:1553	hsa:10720 hsa:10941 hsa:54490 hsa:54575 hsa:54576 hsa:54577 hsa:54578 hsa:54579 hsa:54600 hsa:54657 hsa:54658 hsa:54659 hsa:574537 hsa:7363 hsa:7364 hsa:7365 hsa:7366 hsa:7367 hsa:79799	compound irreversible	hsa00980	
hsa:5297 hsa:5298 hsa:55300 hsa:55361	hsa:3633 hsa:4952 hsa:56623 hsa:8867 hsa:8871	compound irreversible	hsa04070	
hsa:3633 hsa:4952 hsa:56623 hsa:8867 hsa:8871	hsa:5297 hsa:5298 hsa:55300 hsa:55361	compound irreversible	hsa00562	
hsa:2475 hsa:57521 hsa:84335	hsa:5468	activation	hsa04152	
hsa:169355 hsa:3620	hsa:1543 hsa:1544 hsa:1545	compound irreversible	hsa00380	
hsa:10319 hsa:22798 hsa:284217 hsa:3908 hsa:3909 hsa:3910 hsa:3911 hsa:3912 hsa:3913 hsa:3914 hsa:3915 hsa:3918	hsa:22987 hsa:9899 hsa:9900	activation	hsa04512	
hsa:3454 hsa:3455 hsa:3459 hsa:3460	hsa:3716 hsa:3717 hsa:3718 hsa:7297	activation	hsa04217	
hsa:5742 hsa:5743	hsa:6916	compound irreversible	hsa00590	
hsa:1432 hsa:5600 hsa:5603 hsa:6300	hsa:2099 hsa:2100	activation phosphorylation	hsa01522	
hsa:1432 hsa:5600 hsa:5603 hsa:6300	hsa:2099 hsa:2100	activation phosphorylation	hsa01522	
hsa:2147	hsa:7056	activation	hsa04610	
hsa:2335	hsa:3690&hsa:3674	activation	hsa04512	
hsa:23643	hsa:7099	binding/association	hsa04620	
hsa:5468&hsa:6256 hsa:6257 hsa:6258	hsa:10062	expression	hsa03320	
hsa:5578 hsa:5579 hsa:5580	hsa:10746 hsa:4214 hsa:4215 hsa:4216	indirect effect	hsa04912	
hsa:116443 hsa:116444 hsa:2902 hsa:2903 hsa:2904 hsa:2905 hsa:2906	hsa:1742	binding/association	hsa04724	
hsa:2911 hsa:2915	hsa:116443 hsa:116444 hsa:2902 hsa:2903 hsa:2904 hsa:2905 hsa:2906	activation	hsa04724	
hsa:4790 hsa:5970	hsa:3553	expression	hsa04620	
hsa:4790 hsa:5970	hsa:3553	activation	hsa04621	
hsa:4790 hsa:5970	hsa:3553	activation	hsa04621	
hsa:4790&hsa:5970	hsa:3553	expression	hsa04064	
hsa:4790&hsa:5970	hsa:3553	expression	hsa04625	
hsa:4790&hsa:5970	hsa:3553	expression	hsa04625	
hsa:4790&hsa:5970	hsa:3553	expression	hsa04625	
hsa:3725	hsa:3553	activation	hsa04621	
hsa:834	hsa:3553	activation	hsa04623	
hsa:834	hsa:3553	activation	hsa04621	
hsa:834	hsa:3553	activation	hsa04217	
hsa:216 hsa:8854	hsa:1543	compound irreversible	hsa00830	
hsa:216 hsa:8854	hsa:10720 hsa:10941 hsa:54490 hsa:54575 hsa:54576 hsa:54577 hsa:54578 hsa:54579 hsa:54600 hsa:54657 hsa:54658 hsa:54659 hsa:574537 hsa:7363 hsa:7364 hsa:7365 hsa:7366 hsa:7367 hsa:79799	compound irreversible	hsa00830	
hsa:216 hsa:8854	hsa:1548 hsa:1555 hsa:29785	compound irreversible	hsa00830	
hsa:216 hsa:8854	hsa:100861540 hsa:1551 hsa:1577	compound irreversible	hsa00830	
hsa:216 hsa:8854	hsa:1548 hsa:1555 hsa:1558 hsa:1559 hsa:1562 hsa:29785	compound irreversible	hsa00830	
hsa:216 hsa:8854	hsa:100861540 hsa:1551 hsa:1576 hsa:1577	compound irreversible	hsa00830	
hsa:216 hsa:8854	hsa:100861540 hsa:1551 hsa:1576 hsa:1577	compound irreversible	hsa00830	
hsa:1548	hsa:151531 hsa:7378	compound irreversible	hsa00983	
hsa:1576	hsa:1588	compound irreversible	hsa00140	
hsa:1577	hsa:1588	compound irreversible	hsa00140	
hsa:8644	hsa:1588	compound irreversible	hsa00140	
hsa:8644	hsa:1588	compound irreversible	hsa00140	
hsa:1588	hsa:8644	compound irreversible	hsa00140	
hsa:1588	hsa:8644	compound irreversible	hsa00140	
hsa:1543	hsa:1588	compound irreversible	hsa00140	
hsa:6718	hsa:1588	compound irreversible	hsa00140	
hsa:1588	hsa:6718	compound irreversible	hsa00140	
hsa:10720 hsa:10941 hsa:54490 hsa:54575 hsa:54576 hsa:54577 hsa:54578 hsa:54579 hsa:54600 hsa:54657 hsa:54658 hsa:54659 hsa:574537 hsa:7363 hsa:7364 hsa:7365 hsa:7366 hsa:7367 hsa:79799	hsa:1588	compound irreversible	hsa00140	
hsa:10720 hsa:10941 hsa:54490 hsa:54575 hsa:54576 hsa:54577 hsa:54578 hsa:54579 hsa:54600 hsa:54657 hsa:54658 hsa:54659 hsa:574537 hsa:7363 hsa:7364 hsa:7365 hsa:7366 hsa:7367 hsa:79799	hsa:1588	compound irreversible	hsa00140	
hsa:1588	hsa:10720 hsa:10941 hsa:54490 hsa:54575 hsa:54576 hsa:54577 hsa:54578 hsa:54579 hsa:54600 hsa:54657 hsa:54658 hsa:54659 hsa:574537 hsa:7363 hsa:7364 hsa:7365 hsa:7366 hsa:7367 hsa:79799	compound irreversible	hsa00140	
hsa:6715 hsa:6716 hsa:79644	hsa:1588	compound irreversible	hsa00140	
hsa:1588	hsa:6715 hsa:6716 hsa:79644	compound irreversible	hsa00140	
hsa:3480	hsa:5290 hsa:5291 hsa:5293 hsa:5295 hsa:5296 hsa:8503	indirect effect	hsa04914	
hsa:3480	hsa:5290 hsa:5291 hsa:5293 hsa:5295 hsa:5296 hsa:8503	activation	hsa04213	
hsa:3480	hsa:5290 hsa:5291 hsa:5293 hsa:5295 hsa:5296 hsa:8503	activation	hsa01522	
hsa:3480	hsa:5290 hsa:5291 hsa:5293 hsa:5295 hsa:5296 hsa:8503	activation	hsa04550	
hsa:5594 hsa:5595	hsa:2099	activation phosphorylation	hsa04919	
hsa:1577	hsa:1576	compound irreversible	hsa00982	
hsa:1543	hsa:1577	compound irreversible	hsa00140	
hsa:8644	hsa:1577	compound irreversible	hsa00140	
hsa:10720 hsa:10941 hsa:54490 hsa:54575 hsa:54576 hsa:54577 hsa:54578 hsa:54579 hsa:54600 hsa:54657 hsa:54658 hsa:54659 hsa:574537 hsa:7363 hsa:7364 hsa:7365 hsa:7366 hsa:7367 hsa:79799	hsa:1577	compound irreversible	hsa00140	
hsa:1577	hsa:1557 hsa:1559	compound irreversible	hsa00982	
hsa:107987478 hsa:107987479 hsa:1564 hsa:1565	hsa:3290	compound irreversible	hsa00980	
hsa:107987478 hsa:107987479 hsa:1564 hsa:1565	hsa:1576	compound irreversible	hsa00982	
hsa:1576	hsa:107987478 hsa:107987479 hsa:1564 hsa:1565	compound irreversible	hsa00982	
hsa:107987478 hsa:107987479 hsa:1564 hsa:1565	hsa:1576	compound irreversible	hsa00980	
hsa:1576	hsa:107987478 hsa:107987479 hsa:1564 hsa:1565	compound irreversible	hsa00982	
hsa:1576	hsa:107987478 hsa:107987479 hsa:1564 hsa:1565	compound irreversible	hsa00982	
hsa:1576	hsa:107987478 hsa:107987479 hsa:1564 hsa:1565	compound irreversible	hsa00982	
hsa:1576	hsa:107987478 hsa:107987479 hsa:1564 hsa:1565	compound irreversible	hsa00982	
hsa:1576	hsa:107987478 hsa:107987479 hsa:1564 hsa:1565	compound irreversible	hsa00982	
hsa:1576	hsa:107987478 hsa:107987479 hsa:1564 hsa:1565	compound irreversible	hsa00982	
hsa:107987478 hsa:107987479 hsa:1564 hsa:1565	hsa:1576	compound irreversible	hsa00982	
hsa:1576	hsa:107987478 hsa:107987479 hsa:1564 hsa:1565	compound irreversible	hsa00982	
hsa:107987478 hsa:107987479 hsa:1564 hsa:1565	hsa:4128 hsa:4129	compound irreversible	hsa00982	
hsa:4128 hsa:4129	hsa:107987478 hsa:107987479 hsa:1564 hsa:1565	compound irreversible	hsa00982	
hsa:107987478 hsa:107987479 hsa:1564 hsa:1565	hsa:4128 hsa:4129	compound irreversible	hsa00982	
hsa:4128 hsa:4129	hsa:107987478 hsa:107987479 hsa:1564 hsa:1565	compound irreversible	hsa00982	
hsa:107987478 hsa:107987479 hsa:1564 hsa:1565	hsa:4128 hsa:4129	compound irreversible	hsa00982	
hsa:2326 hsa:2327 hsa:2328 hsa:2329 hsa:2330	hsa:107987478 hsa:107987479 hsa:1564 hsa:1565	compound irreversible	hsa00982	
hsa:107987478 hsa:107987479 hsa:1564 hsa:1565	hsa:1543	compound irreversible	hsa00980	
hsa:107987478 hsa:107987479 hsa:1564 hsa:1565	hsa:1548	compound irreversible	hsa00980	
hsa:107987478 hsa:107987479 hsa:1564 hsa:1565	hsa:1557	compound irreversible	hsa00982	
hsa:1557	hsa:107987478 hsa:107987479 hsa:1564 hsa:1565	compound irreversible	hsa00982	
hsa:10720 hsa:10941 hsa:54490 hsa:54575 hsa:54576 hsa:54577 hsa:54578 hsa:54579 hsa:54600 hsa:54657 hsa:54658 hsa:54659 hsa:574537 hsa:7363 hsa:7364 hsa:7365 hsa:7366 hsa:7367 hsa:79799	hsa:107987478 hsa:107987479 hsa:1564 hsa:1565	compound irreversible	hsa00982	
hsa:107987478 hsa:107987479 hsa:1564 hsa:1565	hsa:10720 hsa:10941 hsa:54490 hsa:54575 hsa:54576 hsa:54577 hsa:54578 hsa:54579 hsa:54600 hsa:54657 hsa:54658 hsa:54659 hsa:574537 hsa:7363 hsa:7364 hsa:7365 hsa:7366 hsa:7367 hsa:79799	compound irreversible	hsa00982	
hsa:107987478 hsa:107987479 hsa:1564 hsa:1565	hsa:10720 hsa:10941 hsa:54490 hsa:54575 hsa:54576 hsa:54577 hsa:54578 hsa:54579 hsa:54600 hsa:54657 hsa:54658 hsa:54659 hsa:574537 hsa:7363 hsa:7364 hsa:7365 hsa:7366 hsa:7367 hsa:79799	compound irreversible	hsa00982	
hsa:107987478 hsa:107987479 hsa:1564 hsa:1565	hsa:873 hsa:874	compound irreversible	hsa00980	
hsa:107987478 hsa:107987479 hsa:1564 hsa:1565	hsa:1645	compound irreversible	hsa00980	
hsa:1555 hsa:1559 hsa:1573	hsa:1571	compound irreversible	hsa00590	
hsa:1555 hsa:1559 hsa:1573	hsa:1573	compound irreversible	hsa00590	
hsa:1555 hsa:1559 hsa:1573	hsa:5742 hsa:5743	compound irreversible	hsa00590	
hsa:1557	hsa:1555 hsa:1559 hsa:1573	compound irreversible	hsa00590	
hsa:1555 hsa:1559 hsa:1573	hsa:1579 hsa:284541	compound irreversible	hsa00590	
hsa:1579 hsa:284541	hsa:1555 hsa:1559 hsa:1573	compound irreversible	hsa00590	
hsa:1555 hsa:1559 hsa:1573	hsa:1579 hsa:284541	compound irreversible	hsa00590	
hsa:7068	hsa:54361	expression	hsa04919	
hsa:7067	hsa:54361	expression	hsa04919	
hsa:4790&hsa:5970	hsa:5743	expression	hsa04064	
hsa:5594 hsa:5595	hsa:5743	expression	hsa04921	
hsa:4772 hsa:4773 hsa:4775 hsa:4776	hsa:5743	expression	hsa04625	
hsa:4772 hsa:4773 hsa:4775 hsa:4776	hsa:5743	expression	hsa04921	
hsa:8644	hsa:1543	compound irreversible	hsa00140	
hsa:8644	hsa:1543	compound irreversible	hsa00140	
hsa:8644	hsa:100861540 hsa:1543 hsa:1544 hsa:1551 hsa:1577	compound irreversible	hsa00140	
hsa:6715 hsa:6716 hsa:79644	hsa:8644	compound irreversible	hsa00140	
hsa:6715 hsa:6716 hsa:79644	hsa:8644	compound irreversible	hsa00140	
hsa:10720 hsa:10941 hsa:54490 hsa:54575 hsa:54576 hsa:54577 hsa:54578 hsa:54579 hsa:54600 hsa:54657 hsa:54658 hsa:54659 hsa:574537 hsa:7363 hsa:7364 hsa:7365 hsa:7366 hsa:7367 hsa:79799	hsa:8644	compound irreversible	hsa00140	
hsa:8644	hsa:10720 hsa:10941 hsa:54490 hsa:54575 hsa:54576 hsa:54577 hsa:54578 hsa:54579 hsa:54600 hsa:54657 hsa:54658 hsa:54659 hsa:574537 hsa:7363 hsa:7364 hsa:7365 hsa:7366 hsa:7367 hsa:79799	compound irreversible	hsa00140	
hsa:8644	hsa:10720 hsa:10941 hsa:54490 hsa:54575 hsa:54576 hsa:54577 hsa:54578 hsa:54579 hsa:54600 hsa:54657 hsa:54658 hsa:54659 hsa:574537 hsa:7363 hsa:7364 hsa:7365 hsa:7366 hsa:7367 hsa:79799	compound irreversible	hsa00140	
hsa:8644	hsa:1571 hsa:1576	compound irreversible	hsa00140	
hsa:8644	hsa:1576	compound irreversible	hsa00140	
hsa:5286 hsa:5287 hsa:5288 hsa:5295 hsa:5296 hsa:8503	hsa:3633 hsa:4952 hsa:56623 hsa:8867 hsa:8871	compound irreversible	hsa04070	
hsa:3633 hsa:4952 hsa:56623 hsa:8867 hsa:8871	hsa:5286 hsa:5287 hsa:5288 hsa:5295 hsa:5296 hsa:8503	compound irreversible	hsa04070	
hsa:4128 hsa:4129	hsa:1557	compound irreversible	hsa00982	
hsa:1557	hsa:4128 hsa:4129	compound irreversible	hsa00982	
hsa:1557	hsa:5742 hsa:5743	compound irreversible	hsa00590	
hsa:1557	hsa:1579 hsa:284541	compound irreversible	hsa00590	
hsa:1557	hsa:1579 hsa:284541	compound irreversible	hsa00590	
hsa:1557	hsa:1555 hsa:1558 hsa:1559 hsa:1573	compound irreversible	hsa00590	
hsa:1557	hsa:1555 hsa:1558 hsa:1559 hsa:1573	compound irreversible	hsa00590	
hsa:815 hsa:816 hsa:817 hsa:818	hsa:7442	activation phosphorylation	hsa04750	
hsa:1571	hsa:218 hsa:220 hsa:221 hsa:222	compound irreversible	hsa00980	
hsa:1066	hsa:1571	compound irreversible	hsa00983	
hsa:1571	hsa:873 hsa:874	compound irreversible	hsa00980	
hsa:1555 hsa:1558 hsa:1559 hsa:1573	hsa:1571	compound irreversible	hsa00590	
hsa:1555 hsa:1558 hsa:1559 hsa:1573	hsa:1571	compound irreversible	hsa00590	
hsa:1571	hsa:119391 hsa:221357 hsa:2938 hsa:2939 hsa:2940 hsa:2941 hsa:2944 hsa:2946 hsa:2947 hsa:2948 hsa:2949 hsa:2950 hsa:2952 hsa:2953 hsa:4257 hsa:4258 hsa:4259 hsa:653689 hsa:9446	compound irreversible	hsa00983	
hsa:1544	hsa:1571	compound irreversible	hsa00591	
hsa:1571	hsa:1544	compound irreversible	hsa00591	
hsa:1571	hsa:1576	compound irreversible	hsa00980	
hsa:1576	hsa:1571	compound irreversible	hsa00982	
hsa:1571	hsa:1576	compound irreversible	hsa00982	
hsa:1576	hsa:1571	compound irreversible	hsa00591	
hsa:1571	hsa:1576	compound irreversible	hsa00591	
hsa:1571	hsa:5742 hsa:5743	compound irreversible	hsa00590	
hsa:1571	hsa:1557 hsa:1558 hsa:1559	compound irreversible	hsa00591	
hsa:1557 hsa:1558 hsa:1559	hsa:1571	compound irreversible	hsa00591	
hsa:1579 hsa:284541	hsa:1571	compound irreversible	hsa00590	
hsa:1571	hsa:1579 hsa:284541	compound irreversible	hsa00590	
hsa:1571	hsa:124 hsa:125 hsa:126 hsa:127 hsa:128 hsa:130 hsa:131	compound irreversible	hsa00980	
hsa:1571	hsa:1645	compound irreversible	hsa00980	
hsa:1573	hsa:1571	compound irreversible	hsa00591	
hsa:1571	hsa:1573	compound irreversible	hsa00591	
hsa:1571	hsa:1543	compound irreversible	hsa00980	
hsa:1571	hsa:246	compound irreversible	hsa00591	
hsa:246	hsa:1571	compound irreversible	hsa00591	
hsa:1571	hsa:10720 hsa:10941 hsa:54490 hsa:54575 hsa:54576 hsa:54577 hsa:54578 hsa:54579 hsa:54600 hsa:54657 hsa:54658 hsa:54659 hsa:574537 hsa:7363 hsa:7364 hsa:7365 hsa:7366 hsa:7367 hsa:79799	compound irreversible	hsa00980	
hsa:1571	hsa:3290	compound irreversible	hsa00980	
hsa:1571	hsa:1548	compound irreversible	hsa00980	
hsa:1576	hsa:1066 hsa:8824	compound irreversible	hsa00983	
hsa:1576	hsa:1066 hsa:8824	compound irreversible	hsa00983	
hsa:1066 hsa:8824	hsa:10720 hsa:10941 hsa:54490 hsa:54575 hsa:54576 hsa:54577 hsa:54578 hsa:54579 hsa:54600 hsa:54657 hsa:54658 hsa:54659 hsa:574537 hsa:7363 hsa:7364 hsa:7365 hsa:7366 hsa:7367 hsa:79799	compound irreversible	hsa00983	
hsa:1066 hsa:8824	hsa:10720 hsa:10941 hsa:54490 hsa:54575 hsa:54576 hsa:54577 hsa:54578 hsa:54579 hsa:54600 hsa:54657 hsa:54658 hsa:54659 hsa:574537 hsa:7363 hsa:7364 hsa:7365 hsa:7366 hsa:7367 hsa:79799	compound irreversible	hsa00983	
hsa:10319 hsa:1101 hsa:1277 hsa:1278 hsa:1280 hsa:1282 hsa:1284 hsa:1285 hsa:1286 hsa:1287 hsa:1288 hsa:1291 hsa:1292 hsa:1293 hsa:1297 hsa:1298 hsa:1299 hsa:1311 hsa:131873 hsa:22798 hsa:2335 hsa:256076 hsa:284217 hsa:3371 hsa:3381 hsa:3908 hsa:3909 hsa:3910 hsa:3911 hsa:3912 hsa:3913 hsa:3914 hsa:3915 hsa:3918 hsa:5649 hsa:63923 hsa:6696 hsa:7057 hsa:7058 hsa:7059 hsa:7060 hsa:7143 hsa:7148 hsa:7448 hsa:7450	hsa:22801 hsa:3655 hsa:3672 hsa:3673 hsa:3674 hsa:3675 hsa:3676 hsa:3678 hsa:3679 hsa:3680 hsa:3685 hsa:8515 hsa:8516&hsa:3688 hsa:3690 hsa:3691 hsa:3693 hsa:3694 hsa:3695 hsa:3696&hsa:5747	activation	hsa04151	
hsa:3791	hsa:5290 hsa:5291 hsa:5293 hsa:5295 hsa:5296 hsa:8503	activation	hsa04370	
hsa:1956 hsa:2064 hsa:3480 hsa:3643	hsa:5290 hsa:5291 hsa:5293 hsa:5295 hsa:5296 hsa:8503	activation indirect effect	hsa04066	
hsa:5290 hsa:5291 hsa:5293 hsa:5295 hsa:5296 hsa:8503	hsa:3633 hsa:4952 hsa:56623 hsa:8867 hsa:8871	compound irreversible	hsa04070	
hsa:3633 hsa:4952 hsa:56623 hsa:8867 hsa:8871	hsa:5290 hsa:5291 hsa:5293 hsa:5295 hsa:5296 hsa:8503	compound irreversible	hsa04070	
hsa:1956 hsa:2064 hsa:2321 hsa:2324 hsa:3480 hsa:3791 hsa:4233 hsa:5156 hsa:5159	hsa:5290 hsa:5291 hsa:5293 hsa:5295 hsa:5296 hsa:8503	activation	hsa04510	
hsa:5241	hsa:5290 hsa:5291 hsa:5293 hsa:5295 hsa:5296 hsa:8503	activation	hsa04914	
hsa:4914	hsa:5290 hsa:5291 hsa:5293 hsa:5295 hsa:5296 hsa:8503	activation indirect effect	hsa04210	
hsa:4914	hsa:5290 hsa:5291 hsa:5293 hsa:5295 hsa:5296 hsa:8503	activation	hsa04750	
hsa:1548 hsa:1555 hsa:1558 hsa:1559 hsa:1562 hsa:29785	hsa:1592 hsa:340665 hsa:56603	compound irreversible	hsa00830	
hsa:1592 hsa:340665 hsa:56603	hsa:1548 hsa:1555 hsa:1558 hsa:1559 hsa:1562 hsa:29785	compound irreversible	hsa00830	
hsa:1548 hsa:1555 hsa:1558 hsa:1559 hsa:1562 hsa:29785	hsa:1592 hsa:340665 hsa:56603	compound irreversible	hsa00830	
hsa:1592 hsa:340665 hsa:56603	hsa:1543	compound irreversible	hsa00830	
hsa:1592 hsa:340665 hsa:56603	hsa:100861540 hsa:1551 hsa:1576 hsa:1577	compound irreversible	hsa00830	
hsa:100861540 hsa:1551 hsa:1576 hsa:1577	hsa:1592 hsa:340665 hsa:56603	compound irreversible	hsa00830	
hsa:1592 hsa:340665 hsa:56603	hsa:100861540 hsa:1551 hsa:1576 hsa:1577	compound irreversible	hsa00830	
hsa:100861540 hsa:1551 hsa:1576 hsa:1577	hsa:1592 hsa:340665 hsa:56603	compound irreversible	hsa00830	
hsa:1592 hsa:340665 hsa:56603	hsa:10720 hsa:10941 hsa:54490 hsa:54575 hsa:54576 hsa:54577 hsa:54578 hsa:54579 hsa:54600 hsa:54657 hsa:54658 hsa:54659 hsa:574537 hsa:7363 hsa:7364 hsa:7365 hsa:7366 hsa:7367 hsa:79799	compound irreversible	hsa00830	
hsa:1592 hsa:340665 hsa:56603	hsa:10720 hsa:10941 hsa:54490 hsa:54575 hsa:54576 hsa:54577 hsa:54578 hsa:54579 hsa:54600 hsa:54657 hsa:54658 hsa:54659 hsa:574537 hsa:7363 hsa:7364 hsa:7365 hsa:7366 hsa:7367 hsa:79799	compound irreversible	hsa00830	
hsa:1592 hsa:340665 hsa:56603	hsa:1548 hsa:1555 hsa:29785	compound irreversible	hsa00830	
hsa:1592 hsa:340665 hsa:56603	hsa:1548 hsa:1555 hsa:29785	compound irreversible	hsa00830	
hsa:1592 hsa:340665 hsa:56603	hsa:100861540 hsa:1551 hsa:1577	compound irreversible	hsa00830	
hsa:1592 hsa:340665 hsa:56603	hsa:100861540 hsa:1551 hsa:1577	compound irreversible	hsa00830	
hsa:148	hsa:51422 hsa:53632 hsa:5562 hsa:5563 hsa:5564 hsa:5565 hsa:5571	activation indirect effect	hsa04152	
hsa:51422 hsa:53632 hsa:5562 hsa:5563 hsa:5564 hsa:5565 hsa:5571	hsa:1080	inhibition phosphorylation	hsa04152	
hsa:1589	hsa:6715 hsa:6716 hsa:79644	compound irreversible	hsa00140	
hsa:1589	hsa:6715 hsa:6716 hsa:79644	compound irreversible	hsa00140	
hsa:1579 hsa:284541	hsa:10720 hsa:10941 hsa:54490 hsa:54575 hsa:54576 hsa:54577 hsa:54578 hsa:54579 hsa:54600 hsa:54657 hsa:54658 hsa:54659 hsa:574537 hsa:7363 hsa:7364 hsa:7365 hsa:7366 hsa:7367 hsa:79799	compound irreversible	hsa00830	
hsa:1579 hsa:284541	hsa:1548 hsa:1555 hsa:29785	compound irreversible	hsa00830	
hsa:1555 hsa:1558 hsa:1559 hsa:1573	hsa:1579 hsa:284541	compound irreversible	hsa00590	
hsa:1555 hsa:1558 hsa:1559 hsa:1573	hsa:1579 hsa:284541	compound irreversible	hsa00590	
hsa:1555 hsa:1558 hsa:1559 hsa:1573	hsa:1579 hsa:284541	compound irreversible	hsa00590	
hsa:1555 hsa:1558 hsa:1559 hsa:1573	hsa:1579 hsa:284541	compound irreversible	hsa00590	
hsa:1555 hsa:1558 hsa:1559 hsa:1573	hsa:1579 hsa:284541	compound irreversible	hsa00590	
hsa:1579 hsa:284541	hsa:100861540 hsa:1551 hsa:1577	compound irreversible	hsa00830	
hsa:1548 hsa:1555 hsa:1558 hsa:1559 hsa:1562 hsa:29785	hsa:1579 hsa:284541	compound irreversible	hsa00830	
hsa:100861540 hsa:1551 hsa:1576 hsa:1577	hsa:1579 hsa:284541	compound irreversible	hsa00830	
hsa:5742 hsa:5743	hsa:1579 hsa:284541	compound irreversible	hsa00590	
hsa:1579 hsa:284541	hsa:5742 hsa:5743	compound irreversible	hsa00590	
hsa:1579 hsa:284541	hsa:5742 hsa:5743	compound irreversible	hsa00590	
hsa:3552	hsa:4790 hsa:5970	activation indirect effect	hsa04218	
hsa:1543	hsa:1548 hsa:1555 hsa:29785	compound irreversible	hsa00830	
hsa:100861540 hsa:1551 hsa:1576 hsa:1577	hsa:1548 hsa:1555 hsa:29785	compound irreversible	hsa00830	
hsa:100861540 hsa:1551 hsa:1576 hsa:1577	hsa:1548 hsa:1555 hsa:29785	compound irreversible	hsa00830	
hsa:1548 hsa:1555 hsa:29785	hsa:10720 hsa:10941 hsa:54490 hsa:54575 hsa:54576 hsa:54577 hsa:54578 hsa:54579 hsa:54600 hsa:54657 hsa:54658 hsa:54659 hsa:574537 hsa:7363 hsa:7364 hsa:7365 hsa:7366 hsa:7367 hsa:79799	compound irreversible	hsa00830	
hsa:1435 hsa:1942 hsa:1943 hsa:1944 hsa:1945 hsa:1946 hsa:1950 hsa:2246 hsa:2247 hsa:2248 hsa:2249 hsa:2250 hsa:2251 hsa:2252 hsa:2253 hsa:2254 hsa:2255 hsa:2277 hsa:2323 hsa:26281 hsa:26291 hsa:27006 hsa:284 hsa:285 hsa:3082 hsa:3479 hsa:3481 hsa:3630 hsa:4254 hsa:4803 hsa:4908 hsa:4909 hsa:51378 hsa:5154 hsa:5155 hsa:5228 hsa:56034 hsa:627 hsa:7039 hsa:7422 hsa:7423 hsa:7424 hsa:80310 hsa:8074 hsa:8817 hsa:8822 hsa:8823 hsa:9965	hsa:1436 hsa:1956 hsa:1969 hsa:2260 hsa:2261 hsa:2263 hsa:2264 hsa:2321 hsa:2322 hsa:2324 hsa:3480 hsa:3643 hsa:3791 hsa:3815 hsa:4233 hsa:4804 hsa:4914 hsa:4915 hsa:5156 hsa:5159 hsa:7010	activation	hsa04014	
hsa:1129	hsa:10681 hsa:2770 hsa:2771 hsa:2773 hsa:2775 hsa:2782 hsa:2783 hsa:2784 hsa:2785 hsa:2786 hsa:2787 hsa:2788 hsa:2790 hsa:2791 hsa:2792 hsa:2793 hsa:51764 hsa:54331 hsa:55970 hsa:59345 hsa:94235	activation	hsa04725	
hsa:1129	hsa:10681 hsa:2770 hsa:2771 hsa:2773 hsa:2775 hsa:2782 hsa:2783 hsa:2784 hsa:2785 hsa:2786 hsa:2787 hsa:2788 hsa:2790 hsa:2791 hsa:2792 hsa:2793 hsa:51764 hsa:54331 hsa:55970 hsa:59345 hsa:94235	activation	hsa04725	
hsa:1576	hsa:873 hsa:874	compound irreversible	hsa00980	
hsa:873 hsa:874	hsa:1543	compound irreversible	hsa00980	
hsa:1548	hsa:873 hsa:874	compound irreversible	hsa00980	
hsa:1548	hsa:873 hsa:874	compound irreversible	hsa00980	
hsa:873 hsa:874	hsa:1548	compound irreversible	hsa00980	
hsa:873 hsa:874	hsa:1548	compound irreversible	hsa00980	
hsa:873 hsa:874	hsa:10720 hsa:10941 hsa:54490 hsa:54575 hsa:54576 hsa:54577 hsa:54578 hsa:54579 hsa:54600 hsa:54657 hsa:54658 hsa:54659 hsa:574537 hsa:7363 hsa:7364 hsa:7365 hsa:7366 hsa:7367 hsa:79799	compound irreversible	hsa00980	
hsa:834	hsa:90865	activation	hsa04623	
hsa:2902 hsa:2903 hsa:2904 hsa:2905 hsa:2906	hsa:8911 hsa:8912 hsa:8913	activation indirect effect	hsa04713	
hsa:6772 hsa:6774 hsa:6776 hsa:6777	hsa:3973	expression	hsa04917	
hsa:6772 hsa:6774 hsa:6776 hsa:6777	hsa:2099 hsa:2100	expression	hsa04917	
hsa:4915	hsa:25	binding/association	hsa04722	
hsa:4914	hsa:25	binding/association	hsa04722	
hsa:1544	hsa:246	compound irreversible	hsa00591	
hsa:1544	hsa:246	compound irreversible	hsa00591	
hsa:1576	hsa:246	compound irreversible	hsa00591	
hsa:1576	hsa:246	compound irreversible	hsa00591	
hsa:1557 hsa:1558 hsa:1559	hsa:246	compound irreversible	hsa00591	
hsa:1557 hsa:1558 hsa:1559	hsa:246	compound irreversible	hsa00591	
hsa:4803	hsa:4914	activation	hsa04210	
hsa:4803	hsa:4914	activation	hsa04750	
hsa:4803	hsa:4914	activation binding/association	hsa04722	
hsa:10720 hsa:10941 hsa:54490 hsa:54575 hsa:54576 hsa:54577 hsa:54578 hsa:54579 hsa:54600 hsa:54657 hsa:54658 hsa:54659 hsa:574537 hsa:7363 hsa:7364 hsa:7365 hsa:7366 hsa:7367 hsa:79799	hsa:7358	compound irreversible	hsa00040	
hsa:7358	hsa:10720 hsa:10941 hsa:54490 hsa:54575 hsa:54576 hsa:54577 hsa:54578 hsa:54579 hsa:54600 hsa:54657 hsa:54658 hsa:54659 hsa:574537 hsa:7363 hsa:7364 hsa:7365 hsa:7366 hsa:7367 hsa:79799	compound irreversible	hsa00053	
hsa:10319 hsa:1101 hsa:1277 hsa:1278 hsa:1280 hsa:1282 hsa:1284 hsa:1285 hsa:1286 hsa:1287 hsa:1288 hsa:1291 hsa:1292 hsa:1293 hsa:1297 hsa:1298 hsa:1299 hsa:1311 hsa:131873 hsa:22798 hsa:2335 hsa:256076 hsa:284217 hsa:3371 hsa:3381 hsa:3908 hsa:3909 hsa:3910 hsa:3911 hsa:3912 hsa:3913 hsa:3914 hsa:3915 hsa:3918 hsa:5649 hsa:63923 hsa:6696 hsa:7057 hsa:7058 hsa:7059 hsa:7060 hsa:7143 hsa:7148 hsa:7448 hsa:7450	hsa:3688 hsa:3690 hsa:3691 hsa:3693 hsa:3694 hsa:3695 hsa:3696&hsa:22801 hsa:3655 hsa:3672 hsa:3673 hsa:3674 hsa:3675 hsa:3676 hsa:3678 hsa:3679 hsa:3680 hsa:3685 hsa:8515 hsa:8516	activation	hsa04510	
hsa:6718	hsa:6715 hsa:6716 hsa:79644	compound irreversible	hsa00140	
hsa:6715 hsa:6716 hsa:79644	hsa:6718	compound irreversible	hsa00140	
hsa:6718	hsa:6715 hsa:6716 hsa:79644	compound irreversible	hsa00140	
hsa:6715 hsa:6716 hsa:79644	hsa:10720 hsa:10941 hsa:54490 hsa:54575 hsa:54576 hsa:54577 hsa:54578 hsa:54579 hsa:54600 hsa:54657 hsa:54658 hsa:54659 hsa:574537 hsa:7363 hsa:7364 hsa:7365 hsa:7366 hsa:7367 hsa:79799	compound irreversible	hsa00140	
hsa:1645	hsa:6715 hsa:6716 hsa:79644	compound irreversible	hsa00140	
hsa:6715 hsa:6716 hsa:79644	hsa:1645	compound irreversible	hsa00140	
hsa:1435 hsa:1942 hsa:1943 hsa:1944 hsa:1945 hsa:1946 hsa:1950 hsa:2246 hsa:2247 hsa:2248 hsa:2249 hsa:2250 hsa:2251 hsa:2252 hsa:2253 hsa:2254 hsa:2255 hsa:2277 hsa:26281 hsa:26291 hsa:27006 hsa:284 hsa:285 hsa:3082 hsa:3479 hsa:3630 hsa:4254 hsa:4803 hsa:51378 hsa:5154 hsa:5155 hsa:5228 hsa:56034 hsa:7422 hsa:7423 hsa:7424 hsa:80310 hsa:8074 hsa:8817 hsa:8822 hsa:8823 hsa:9965	hsa:1436 hsa:1956 hsa:1969 hsa:2260 hsa:2261 hsa:2263 hsa:2264 hsa:2321 hsa:2324 hsa:3480 hsa:3643 hsa:3791 hsa:3815 hsa:4233 hsa:4804 hsa:5156 hsa:5159 hsa:7010	activation	hsa04015	
hsa:1132	hsa:10681 hsa:2770 hsa:2771 hsa:2773 hsa:2775 hsa:2782 hsa:2783 hsa:2784 hsa:2785 hsa:2786 hsa:2787 hsa:2788 hsa:2790 hsa:2791 hsa:2792 hsa:2793 hsa:51764 hsa:54331 hsa:55970 hsa:59345 hsa:94235	activation	hsa04725	
hsa:1132	hsa:10681 hsa:2770 hsa:2771 hsa:2773 hsa:2775 hsa:2782 hsa:2783 hsa:2784 hsa:2785 hsa:2786 hsa:2787 hsa:2788 hsa:2790 hsa:2791 hsa:2792 hsa:2793 hsa:51764 hsa:54331 hsa:55970 hsa:59345 hsa:94235	activation	hsa04725	
hsa:100861540 hsa:1551 hsa:1577	hsa:10720 hsa:10941 hsa:54490 hsa:54575 hsa:54576 hsa:54577 hsa:54578 hsa:54579 hsa:54600 hsa:54657 hsa:54658 hsa:54659 hsa:574537 hsa:7363 hsa:7364 hsa:7365 hsa:7366 hsa:7367 hsa:79799	compound irreversible	hsa00830	
hsa:1576	hsa:10720 hsa:10941 hsa:54490 hsa:54575 hsa:54576 hsa:54577 hsa:54578 hsa:54579 hsa:54600 hsa:54657 hsa:54658 hsa:54659 hsa:574537 hsa:7363 hsa:7364 hsa:7365 hsa:7366 hsa:7367 hsa:79799	compound irreversible	hsa00140	
hsa:10720 hsa:10941 hsa:54490 hsa:54575 hsa:54576 hsa:54577 hsa:54578 hsa:54579 hsa:54600 hsa:54657 hsa:54658 hsa:54659 hsa:574537 hsa:7363 hsa:7364 hsa:7365 hsa:7366 hsa:7367 hsa:79799	hsa:1576	compound irreversible	hsa00982	
hsa:6718	hsa:10720 hsa:10941 hsa:54490 hsa:54575 hsa:54576 hsa:54577 hsa:54578 hsa:54579 hsa:54600 hsa:54657 hsa:54658 hsa:54659 hsa:574537 hsa:7363 hsa:7364 hsa:7365 hsa:7366 hsa:7367 hsa:79799	compound irreversible	hsa00140	
hsa:1545	hsa:10720 hsa:10941 hsa:54490 hsa:54575 hsa:54576 hsa:54577 hsa:54578 hsa:54579 hsa:54600 hsa:54657 hsa:54658 hsa:54659 hsa:574537 hsa:7363 hsa:7364 hsa:7365 hsa:7366 hsa:7367 hsa:79799	compound irreversible	hsa00140	
hsa:10720 hsa:10941 hsa:54490 hsa:54575 hsa:54576 hsa:54577 hsa:54578 hsa:54579 hsa:54600 hsa:54657 hsa:54658 hsa:54659 hsa:574537 hsa:7363 hsa:7364 hsa:7365 hsa:7366 hsa:7367 hsa:79799	hsa:124 hsa:125 hsa:126 hsa:127 hsa:128 hsa:130 hsa:131	compound irreversible	hsa00980	
hsa:1645	hsa:10720 hsa:10941 hsa:54490 hsa:54575 hsa:54576 hsa:54577 hsa:54578 hsa:54579 hsa:54600 hsa:54657 hsa:54658 hsa:54659 hsa:574537 hsa:7363 hsa:7364 hsa:7365 hsa:7366 hsa:7367 hsa:79799	compound irreversible	hsa00980	
hsa:1312 hsa:220074	hsa:10720 hsa:10941 hsa:54490 hsa:54575 hsa:54576 hsa:54577 hsa:54578 hsa:54579 hsa:54600 hsa:54657 hsa:54658 hsa:54659 hsa:574537 hsa:7363 hsa:7364 hsa:7365 hsa:7366 hsa:7367 hsa:79799	compound irreversible	hsa00140	
hsa:1312 hsa:220074	hsa:10720 hsa:10941 hsa:54490 hsa:54575 hsa:54576 hsa:54577 hsa:54578 hsa:54579 hsa:54600 hsa:54657 hsa:54658 hsa:54659 hsa:574537 hsa:7363 hsa:7364 hsa:7365 hsa:7366 hsa:7367 hsa:79799	compound irreversible	hsa00140	
hsa:1543	hsa:10720 hsa:10941 hsa:54490 hsa:54575 hsa:54576 hsa:54577 hsa:54578 hsa:54579 hsa:54600 hsa:54657 hsa:54658 hsa:54659 hsa:574537 hsa:7363 hsa:7364 hsa:7365 hsa:7366 hsa:7367 hsa:79799	compound irreversible	hsa00140	
hsa:1543	hsa:10720 hsa:10941 hsa:54490 hsa:54575 hsa:54576 hsa:54577 hsa:54578 hsa:54579 hsa:54600 hsa:54657 hsa:54658 hsa:54659 hsa:574537 hsa:7363 hsa:7364 hsa:7365 hsa:7366 hsa:7367 hsa:79799	compound irreversible	hsa00140	
hsa:1543	hsa:10720 hsa:10941 hsa:54490 hsa:54575 hsa:54576 hsa:54577 hsa:54578 hsa:54579 hsa:54600 hsa:54657 hsa:54658 hsa:54659 hsa:574537 hsa:7363 hsa:7364 hsa:7365 hsa:7366 hsa:7367 hsa:79799	compound irreversible	hsa00830	
hsa:10720 hsa:10941 hsa:54490 hsa:54575 hsa:54576 hsa:54577 hsa:54578 hsa:54579 hsa:54600 hsa:54657 hsa:54658 hsa:54659 hsa:574537 hsa:7363 hsa:7364 hsa:7365 hsa:7366 hsa:7367 hsa:79799	hsa:1543	compound irreversible	hsa00140	
hsa:3290	hsa:10720 hsa:10941 hsa:54490 hsa:54575 hsa:54576 hsa:54577 hsa:54578 hsa:54579 hsa:54600 hsa:54657 hsa:54658 hsa:54659 hsa:574537 hsa:7363 hsa:7364 hsa:7365 hsa:7366 hsa:7367 hsa:79799	compound irreversible	hsa00980	
hsa:1548 hsa:1555 hsa:1558 hsa:1559 hsa:1562 hsa:29785	hsa:10720 hsa:10941 hsa:54490 hsa:54575 hsa:54576 hsa:54577 hsa:54578 hsa:54579 hsa:54600 hsa:54657 hsa:54658 hsa:54659 hsa:574537 hsa:7363 hsa:7364 hsa:7365 hsa:7366 hsa:7367 hsa:79799	compound irreversible	hsa00830	
hsa:1548	hsa:10720 hsa:10941 hsa:54490 hsa:54575 hsa:54576 hsa:54577 hsa:54578 hsa:54579 hsa:54600 hsa:54657 hsa:54658 hsa:54659 hsa:574537 hsa:7363 hsa:7364 hsa:7365 hsa:7366 hsa:7367 hsa:79799	compound irreversible	hsa00980	
hsa:1548	hsa:10720 hsa:10941 hsa:54490 hsa:54575 hsa:54576 hsa:54577 hsa:54578 hsa:54579 hsa:54600 hsa:54657 hsa:54658 hsa:54659 hsa:574537 hsa:7363 hsa:7364 hsa:7365 hsa:7366 hsa:7367 hsa:79799	compound irreversible	hsa00980	
hsa:100861540 hsa:1551 hsa:1576 hsa:1577	hsa:10720 hsa:10941 hsa:54490 hsa:54575 hsa:54576 hsa:54577 hsa:54578 hsa:54579 hsa:54600 hsa:54657 hsa:54658 hsa:54659 hsa:574537 hsa:7363 hsa:7364 hsa:7365 hsa:7366 hsa:7367 hsa:79799	compound irreversible	hsa00830	
hsa:100861540 hsa:1551 hsa:1576 hsa:1577	hsa:10720 hsa:10941 hsa:54490 hsa:54575 hsa:54576 hsa:54577 hsa:54578 hsa:54579 hsa:54600 hsa:54657 hsa:54658 hsa:54659 hsa:574537 hsa:7363 hsa:7364 hsa:7365 hsa:7366 hsa:7367 hsa:79799	compound irreversible	hsa00830	
hsa:1491	hsa:586 hsa:587	compound irreversible	hsa00270	
hsa:4128 hsa:4129	hsa:1576	compound irreversible	hsa00982	
hsa:1576	hsa:4128 hsa:4129	compound irreversible	hsa00982	
hsa:1548 hsa:1555 hsa:1558 hsa:1559 hsa:1562 hsa:29785	hsa:100861540 hsa:1551 hsa:1577	compound irreversible	hsa00830	
hsa:1543	hsa:100861540 hsa:1551 hsa:1577	compound irreversible	hsa00830	
hsa:3363	hsa:10681 hsa:2782 hsa:2783 hsa:2784 hsa:2785 hsa:2786 hsa:2787 hsa:2788 hsa:2790 hsa:2791 hsa:2792 hsa:2793 hsa:51764 hsa:54331 hsa:55970 hsa:59345 hsa:94235	activation	hsa04014	
hsa:1576	hsa:1558	compound irreversible	hsa00982	
hsa:1559	hsa:2326 hsa:2327 hsa:2328 hsa:2329 hsa:2330	compound irreversible	hsa00982	
hsa:1559	hsa:1576	compound irreversible	hsa00982	
hsa:1559	hsa:1576	compound irreversible	hsa00982	
hsa:1576	hsa:1559	compound irreversible	hsa00982	
hsa:1559	hsa:1548	compound irreversible	hsa00982	
hsa:1548	hsa:1890	compound irreversible	hsa00983	
hsa:1890	hsa:1548	compound irreversible	hsa00983	
hsa:3439 hsa:3440 hsa:3441 hsa:3442 hsa:3443 hsa:3444 hsa:3445 hsa:3446 hsa:3447 hsa:3448 hsa:3449 hsa:3451 hsa:3452 hsa:3456 hsa:3458	hsa:3454 hsa:3455 hsa:3459 hsa:3460	activation	hsa04650	
hsa:3439 hsa:3440 hsa:3441 hsa:3442 hsa:3443 hsa:3444 hsa:3445 hsa:3446 hsa:3447 hsa:3448 hsa:3449 hsa:3451 hsa:3452 hsa:3456 hsa:3458	hsa:3454 hsa:3455 hsa:3459 hsa:3460	activation	hsa04217	
hsa:3458	hsa:3454 hsa:3455 hsa:3459 hsa:3460	activation	hsa04650	
hsa:5742 hsa:5743	hsa:27306 hsa:5730	compound irreversible	hsa00590	
hsa:6820	hsa:100861540 hsa:1543 hsa:1544 hsa:1551 hsa:1577	compound irreversible	hsa00140	
hsa:6820	hsa:1571 hsa:1576	compound irreversible	hsa00140	
hsa:1544	hsa:7498	compound irreversible	hsa00232	
hsa:1544	hsa:7498	compound irreversible	hsa00232	
hsa:1544	hsa:7498	compound irreversible	hsa00232	
hsa:1543	hsa:1545	compound irreversible	hsa00140	
hsa:1555 hsa:1558 hsa:1559 hsa:1573	hsa:1573	compound irreversible	hsa00590	
hsa:1555 hsa:1558 hsa:1559 hsa:1573	hsa:1573	compound irreversible	hsa00590	
hsa:1544	hsa:1573	compound irreversible	hsa00591	
hsa:1573	hsa:1544	compound irreversible	hsa00591	
hsa:1573	hsa:1576	compound irreversible	hsa00591	
hsa:1576	hsa:1573	compound irreversible	hsa00591	
hsa:5742 hsa:5743	hsa:1573	compound irreversible	hsa00590	
hsa:1573	hsa:1557 hsa:1558 hsa:1559	compound irreversible	hsa00591	
hsa:1557 hsa:1558 hsa:1559	hsa:1573	compound irreversible	hsa00591	
hsa:1950 hsa:2277 hsa:3082 hsa:3479 hsa:5154 hsa:5155 hsa:5228 hsa:56034 hsa:7422 hsa:7423 hsa:7424 hsa:80310	hsa:1956 hsa:2064 hsa:2321 hsa:2324 hsa:3480 hsa:3791 hsa:4233 hsa:5156 hsa:5159	activation	hsa04510	
hsa:3454 hsa:3455	hsa:7297	activation	hsa04621	
hsa:2550 hsa:9568	hsa:10681 hsa:2770 hsa:2771 hsa:2773 hsa:2775 hsa:2782 hsa:2783 hsa:2784 hsa:2785 hsa:2786 hsa:2787 hsa:2788 hsa:2790 hsa:2791 hsa:2792 hsa:2793 hsa:51764 hsa:54331 hsa:55970 hsa:59345 hsa:94235	activation	hsa04727	
hsa:2550 hsa:9568	hsa:10681 hsa:2770 hsa:2771 hsa:2773 hsa:2775 hsa:2782 hsa:2783 hsa:2784 hsa:2785 hsa:2786 hsa:2787 hsa:2788 hsa:2790 hsa:2791 hsa:2792 hsa:2793 hsa:51764 hsa:54331 hsa:55970 hsa:59345 hsa:94235	activation	hsa04727	
hsa:5594 hsa:5595	hsa:2099 hsa:2100	activation phosphorylation	hsa04915	
hsa:5594 hsa:5595	hsa:2099 hsa:2100	activation phosphorylation	hsa04915	
hsa:2890 hsa:2891	hsa:2902 hsa:2903 hsa:2904 hsa:2905 hsa:2906	indirect effect	hsa04720	
hsa:1576	hsa:1543	compound irreversible	hsa00140	
hsa:1576	hsa:1557 hsa:1559	compound irreversible	hsa00982	
hsa:1557 hsa:1559	hsa:1576	compound irreversible	hsa00982	
hsa:1576	hsa:1557 hsa:1559	compound irreversible	hsa00982	
hsa:1544	hsa:1576	compound irreversible	hsa00591	
hsa:1576	hsa:1544	compound irreversible	hsa00982	
hsa:1544	hsa:1576	compound irreversible	hsa00982	
hsa:1576	hsa:1544	compound irreversible	hsa00591	
hsa:1576	hsa:3290	compound irreversible	hsa00980	
hsa:2326 hsa:2327 hsa:2328 hsa:2329 hsa:2330	hsa:1576	compound irreversible	hsa00982	
hsa:2326 hsa:2327 hsa:2328 hsa:2329 hsa:2330	hsa:1576	compound irreversible	hsa00982	
hsa:1548	hsa:1576	compound irreversible	hsa00980	
hsa:1557 hsa:1558 hsa:1559	hsa:1576	compound irreversible	hsa00591	
hsa:1576	hsa:1557 hsa:1558 hsa:1559	compound irreversible	hsa00591	
hsa:1576	hsa:1645	compound irreversible	hsa00980	
hsa:1645	hsa:1543	compound irreversible	hsa00980	
hsa:1548	hsa:1645	compound irreversible	hsa00980	
hsa:1548	hsa:1645	compound irreversible	hsa00980	
hsa:1645	hsa:1548	compound irreversible	hsa00980	
hsa:1645	hsa:1548	compound irreversible	hsa00980	
hsa:10681 hsa:2770 hsa:2771 hsa:2773 hsa:2775 hsa:2782 hsa:2783 hsa:2784 hsa:2785 hsa:2786 hsa:2787 hsa:2788 hsa:2790 hsa:2791 hsa:2792 hsa:2793 hsa:51764 hsa:54331 hsa:55970 hsa:59345 hsa:94235	hsa:773 hsa:774 hsa:775 hsa:776 hsa:778 hsa:779	inhibition	hsa04727	
hsa:10681 hsa:2770 hsa:2771 hsa:2773 hsa:2775 hsa:2782 hsa:2783 hsa:2784 hsa:2785 hsa:2786 hsa:2787 hsa:2788 hsa:2790 hsa:2791 hsa:2792 hsa:2793 hsa:51764 hsa:54331 hsa:55970 hsa:59345 hsa:94235	hsa:773 hsa:774	inhibition	hsa04725	
hsa:10681 hsa:2770 hsa:2771 hsa:2773 hsa:2775 hsa:2782 hsa:2783 hsa:2784 hsa:2785 hsa:2786 hsa:2787 hsa:2788 hsa:2790 hsa:2791 hsa:2792 hsa:2793 hsa:51764 hsa:54331 hsa:55970 hsa:59345 hsa:94235	hsa:773 hsa:774	inhibition	hsa04726	
hsa:10681 hsa:2770 hsa:2771 hsa:2773 hsa:2775 hsa:2782 hsa:2783 hsa:2784 hsa:2785 hsa:2786 hsa:2787 hsa:2788 hsa:2790 hsa:2791 hsa:2792 hsa:2793 hsa:51764 hsa:54331 hsa:55970 hsa:59345 hsa:94235	hsa:773 hsa:774	inhibition	hsa04727	
hsa:10681 hsa:2770 hsa:2771 hsa:2773 hsa:2775 hsa:2782 hsa:2783 hsa:2784 hsa:2785 hsa:2786 hsa:2787 hsa:2788 hsa:2790 hsa:2791 hsa:2792 hsa:2793 hsa:51764 hsa:54331 hsa:55970 hsa:59345 hsa:94235	hsa:773 hsa:774	inhibition	hsa04728	
hsa:10681 hsa:2770 hsa:2771 hsa:2773 hsa:2775 hsa:2782 hsa:2783 hsa:2784 hsa:2785 hsa:2786 hsa:2787 hsa:2788 hsa:2790 hsa:2791 hsa:2792 hsa:2793 hsa:51764 hsa:54331 hsa:55970 hsa:59345 hsa:94235	hsa:773 hsa:774	inhibition	hsa04723	
hsa:10681 hsa:2770 hsa:2771 hsa:2773 hsa:2775 hsa:2782 hsa:2783 hsa:2784 hsa:2785 hsa:2786 hsa:2787 hsa:2788 hsa:2790 hsa:2791 hsa:2792 hsa:2793 hsa:51764 hsa:54331 hsa:55970 hsa:59345 hsa:94235	hsa:773 hsa:774	inhibition	hsa04723	
hsa:4914	hsa:10019 hsa:25970	activation phosphorylation	hsa04722	
hsa:1548 hsa:1555 hsa:1558 hsa:1559 hsa:1562 hsa:29785	hsa:1543	compound irreversible	hsa00830	
hsa:1548 hsa:1555 hsa:1558 hsa:1559 hsa:1562 hsa:29785	hsa:100861540 hsa:1551 hsa:1576 hsa:1577	compound irreversible	hsa00830	
hsa:1548 hsa:1555 hsa:1558 hsa:1559 hsa:1562 hsa:29785	hsa:100861540 hsa:1551 hsa:1576 hsa:1577	compound irreversible	hsa00830	
hsa:100861540 hsa:1551 hsa:1576 hsa:1577	hsa:1548 hsa:1555 hsa:1558 hsa:1559 hsa:1562 hsa:29785	compound irreversible	hsa00830	
hsa:2890 hsa:2891 hsa:2892 hsa:2893	hsa:2902 hsa:2903 hsa:2904 hsa:2905 hsa:2906	activation indirect effect	hsa04713	
hsa:2890 hsa:2891 hsa:2892 hsa:2893	hsa:2902 hsa:2903 hsa:2904 hsa:2905 hsa:2906	activation indirect effect	hsa04713	
hsa:712 hsa:713 hsa:714 hsa:715 hsa:716	hsa:717	activation	hsa04610	
hsa:1543	hsa:1312 hsa:220074	compound irreversible	hsa00140	
hsa:3290	hsa:1543	compound irreversible	hsa00980	
hsa:1548	hsa:1543	compound irreversible	hsa00980	
hsa:100861540 hsa:1551 hsa:1576 hsa:1577	hsa:1543	compound irreversible	hsa00830	
hsa:2902 hsa:2903 hsa:2904 hsa:2905 hsa:2906	hsa:775 hsa:776	activation indirect effect	hsa04713	
hsa:2902 hsa:2903 hsa:2904 hsa:2905 hsa:2906	hsa:163688 hsa:51806 hsa:801 hsa:805 hsa:808 hsa:810 hsa:91860	compound irreversible	hsa04720	
hsa:2902 hsa:2903 hsa:2904 hsa:2905 hsa:2906	hsa:163688 hsa:51806 hsa:801 hsa:805 hsa:808 hsa:810 hsa:91860	compound irreversible	hsa04713	
hsa:2902 hsa:2903 hsa:2904 hsa:2905 hsa:2906	hsa:163688 hsa:51806 hsa:801 hsa:805 hsa:808 hsa:810 hsa:91860	compound irreversible	hsa04713	
hsa:1136 hsa:1137 hsa:1139 hsa:1141 hsa:1143 hsa:8973	hsa:3717	activation	hsa04725	
hsa:4915	hsa:10019 hsa:25970	activation phosphorylation	hsa04722	
hsa:5468&hsa:6256 hsa:6257 hsa:6258	hsa:2180 hsa:2181 hsa:2182 hsa:23205 hsa:23305 hsa:51703 hsa:81616	expression	hsa03320	
hsa:5468&hsa:6256 hsa:6257 hsa:6258	hsa:2167	expression	hsa03320	
hsa:1543 hsa:1544 hsa:1545	hsa:438	compound irreversible	hsa00380	
hsa:1544	hsa:1557 hsa:1558 hsa:1559	compound irreversible	hsa00591	
hsa:1557 hsa:1558 hsa:1559	hsa:1544	compound irreversible	hsa00591	
hsa:1544	hsa:1548	compound irreversible	hsa00980	
hsa:1544	hsa:1548	compound irreversible	hsa00980	
hsa:1548	hsa:1544	compound irreversible	hsa00232	
hsa:1548	hsa:1544	compound irreversible	hsa00232	
hsa:1548	hsa:3290	compound irreversible	hsa00980	
hsa:1548	hsa:3290	compound irreversible	hsa00980	
hsa:3290	hsa:1548	compound irreversible	hsa00980	
hsa:3290	hsa:1548	compound irreversible	hsa00980	
hsa:1548	hsa:7372	compound irreversible	hsa00983	
hsa:1555 hsa:1558 hsa:1559 hsa:1573	hsa:5742 hsa:5743	compound irreversible	hsa00590	
hsa:1555 hsa:1558 hsa:1559 hsa:1573	hsa:5742 hsa:5743	compound irreversible	hsa00590	
hsa:3454 hsa:3455	hsa:3716 hsa:7297	binding/association	hsa04380	
hsa:7422	hsa:3791	activation	hsa04370	
