ID	drugs	transporters	targets	enzymes	carriers
DB00005	Etanercept		C1QC;TNFRSF1B;FCGR2B;FCGR3A;FCGR2C;C1QA;FCGR2A;LTA;TNF;FCGR1A;C1S;C1R;FCGR3B;C1QB	PTGS2	
DB00007	Leuprolide		GNRHR		
DB00008	Peginterferon alfa-2a		IFNAR2;IFNAR1	CYP1A2	
DB00011	Interferon alfa-n1		IFNAR2;IFNAR1		
DB00014	Goserelin		LHCGR;GNRHR		
DB00018	Interferon alfa-n3		IFNAR2;IFNAR1		
DB00022	Peginterferon alfa-2b		IFNAR2;IFNAR1	CYP1A2;CYP2D6	
DB00030	Insulin Human		LRP2;SYTL4;IGF1R;PCSK2;PCSK1;CTSD;CPE;RB1;INSR;IGFBP7;NOV;IDE	CYP1A2	
DB00033	Interferon gamma-1b		IFNGR1;IFNGR2	CYP1A2	
DB00035	Desmopressin		AVPR1B;AVPR2;AVPR1A	PTGS2;PTGS1	
DB00041	Aldesleukin		IL2RA;IL2RB;IL2RG	PTGS2;PLA2G4A;CYP3A4;CYP2E1;XDH	
DB00044	Lutropin alfa		LHCGR		
DB00046	Insulin Lispro		INSR;IGF1R	CYP1A2	
DB00047	Insulin Glargine		INSR;IGF1R	CYP1A2	
DB00050	Cetrorelix		LHCGR;GNRHR		
DB00060	Interferon beta-1a		IFNAR2;IFNAR1		
DB00062	Human Serum Albumin		APOE;AMBP;SAA1	CYP2C9;MPO;UGT1A9	
DB00068	Interferon beta-1b		IFNAR2;IFNAR1		
DB00069	Interferon alfacon-1		IFNAR2;IFNAR1		
DB00071	Insulin Pork		LRP2;SYTL4;IGF1R;PCSK2;PCSK1;CTSD;CPE;RB1;INSR;HLA-DQB1;IGFBP7;NOV;IDE;HLA-DQA2	CYP1A2	
DB00072	Trastuzumab		ERBB2;FCGR2B;C1QC;FCGR2C;EGFR;C1QB;C1QA;FCGR2A;FCGR1A;C1S;C1R;FCGR3A;FCGR3B	CYP19A1	
DB00091	Cyclosporine	SLC10A2;SLC10A1;SLC22A6;ABCB11;SLCO1B1;ABCB1;ABCC2;SLCO1A2;ABCG2;ABCC1;ABCC10;ABCC3	PPIF;CAMLG;PPP3R2;PPIA	CYP2C9;CYP2C8;CYP2D6;CYP2C19;CYP3A7;CYP3A4;CYP3A5	
DB00105	Interferon Alfa-2b Recombinant		IFNAR2;IFNAR1	CYP1A2	
DB00106	Abarelix		GNRHR		
DB00114	Pyridoxal Phosphate		GADL1;AGXT2;DDC;OAT;HDC;ABAT;PDXP;CTH;ODC1;GAD2;TAT;PSAT1;SGPL1;KYNU;GIG18;GLDC;MOCOS;ALAS2;IGSF10;GAD1;ALAS1;PYGB;SPTLC2;SHMT1;SPTLC1;GOT2;TLH6;GOT1;PYGL;PYGM;SPTLC3;PHYKPL;AADAT;BCAT2;BCAT1;SRR;SEPSECS;GPT;GCAT;pcap;SHMT2;THNSL1;SCLY;SDSL;PDXDC1;SDS;GAD65;GPT2;AGXT;CSAD;AZIN2;NFS1;CBS;FTCD;PNPO;CCBL1;PROSC;CCBL2		
DB00118	Ademetionine		MAT2A;MAT1A;COMT;CBS;GNMT;CMTR1;AS3MT;AMD1	CYP2E1;SRM	
DB00139	Succinic acid	SLC22A8	BBOX1;P4HA2;P4HA1;SLC25A10;PLOD3;PLOD1;ASPH;P3H3;P3H2;P3H1;HSD17B6;SLC13A1;SLC13A2;SLC13A3;SUCLG2;SUCLG1;SUCLA2;OXCT1;SUCNR1;OXCT2;SDHA;ALDH5A1;SDHC;SDHB;SDHD;TMLHE		
DB00140	Riboflavin	SLC22A6	RFK;BLVRB;ribC	MTHFR;MAOA	
DB00143	Glutathione	ABCC4;ABCC5;ABCC1;ABCC2;ABCC3	GSS;GSR;GSTA4;GSTA5;GSTA1;GSTA2;GSTA3;MGST2;MGST3;MGST1;CYP3A4;HAGH;GPX3;LTC4S;GPX2;GLO1;MMP9;GGT1;GLRX2;GLRX;AKR1B1;HPGDS;GSTO2;GSTO1;GPX5;GSTT1;GSTM1;GSTM2;GSTM3;GSTM4;GSTM5;TXNDC12;GPX1;GSTP1;ESD;GSTZ1;GPX4;GPX7;GPX6;GPX8;GSTK1	GSTA1;GSTA2	
DB00154	Dihomo-gamma-linolenic acid		PTGS2;PTGS1		FABP7
DB00157	NADH		RDH5;PHGDH;NDUFB9;NDUFB8;NDUFB7;NDUFB6;NDUFB5;NDUFB4;NQO2;NDUFB2;NDUFB1;DHCR7;GSR;HIBADH;PYCR2;PYCR1;NDUFAB1;MT-ND1;OGDH;MT-ND3;MT-ND4;MT-ND5;MT-ND6;NDUFB10;NDUFA10;NDUFA11;NDUFA12;NDUFA13;NNT;NDUFB3;CDO1;NDUFC2;HMGCR;EHHADH;NDUFA4L2;HSD11B2;HSD3B1;HSD3B2;ALDH5A1;LDHC;TYR;HSD17B10;ACADS;CYB5R3;NSDHL;NDUFC1;ALDH3A2;ALDH3A1;GAPDH;H6PD;ALDH2;MT-ND4L;AKR1C1;PDHB;AMT;DLD;MT-ND2;DLAT;BLVRB;BLVRA;HADH;ALDH4A1;MTHFD2;MTHFD1;HMOX1;HMOX2;MSMO1;NDUFS4;ME1;ME3;ME2;AKR1C4;HPGD;AKR1C2;AKR1C3;NDUFV3;NDUFV2;NDUFV1;NDUFS5;HSD17B7;PDHA2;NDUFA7;NDUFA4;PDHA1;NDUFA2;NDUFA3;NDUFA1;UGDH;QDPR;NDUFA8;NDUFA9;SORD;ALDH9A1;ALDH7A1;AKR1B1;ADH7;ADH5;ADH4;TSTA3;GLUD2;GLUD1;NDUFA6;DHFR;LDHAL6B;LDHAL6A;CYP17A1;NDUFA5;GPD1;MDH2;MDH1;ALDH1A1;ALDH1A2;ALDH1A3;IDH3A;IDH3B;IDH3G;AASS;HADHA;IMPDH1;IMPDH2;HSD17B8;HSD17B1;HSD17B2;HSD17B3;HSD17B4;LDHA;LDHB;HSD11B1;ALDH3B2;ALDH3B1;NDUFS6;GAPDHS;ALDH6A1;ALDH1B1;BDH1;CYP4A11;NDUFS1;NDUFS2;NDUFS3;ADH1C;ADH1B;ADH1A;NDUFS7;NDUFS8	AOX1;ADH7;ADH6;ADH5;ADH4;XDH;AKR1A1;ADH1B;ADH1A	
DB00158	Folic Acid	ABCG2;SLC25A32;SLC22A6;ABCC3;ABCC4;SLC46A1;ABCC11	FOLR1;FOLR2;FOLR3	MTHFR;GGH;CYP2E1	ALB
DB00159	Icosapent		PTGS2;PTGS1;ACSL3;ACSL4;PPARG;PPARD;PPARA;FADS1;FFAR1;TRPV1;SLC8A1		FABP7;ALB
DB00161	L-Valine	SLC16A10	PCCB;VARS;BCAT1	PCCB;BCAT1;VARS	
DB00175	Pravastatin	ABCG2;SLC16A1;SLC22A6;SLCO1B3;SLC22A11;SLCO1B1;ABCB1;SLC22A7;SLCO1A2;SLCO2B1;ABCB11;SLC22A8;ABCC2	HMGCR	CYP2C9;CYP2C8;CYP3A4;CYP3A5;CYP2D6	
DB00176	Fluvoxamine	ABCB1	KCNH2;SLC6A4	CYP2C9;CYP1A1;CYP1A2;CYP2D6;CYP2B6;CYP2E1;CYP2C19;CYP3A7;CYP3A4;CYP3A5	
DB00177	Valsartan	SLCO1B1;SLCO1B3	AGTR1	CYP2C9	ALB
DB00180	Flunisolide		NR3C1	CYP3A4	SERPINA6
DB00181	Baclofen	SLC22A8	GABBR1;GABBR2		
DB00182	Amphetamine	SLC22A5;SLC22A3	SLC6A3;ADRA1A;TAAR1;SLC6A2;SLC6A4;DRD2;VMAT2;ADRB1;MAOA;CARTPT;SLC18A2;MAOB	CYP2A6;CYP2D6	
DB00184	Nicotine	SLC22A4;SLC22A5;SLC22A1;SLC22A2;SLC22A3	CYP19A1;CHAT;CHRNB3;CHRNB2;CHRNB4;CHRNA10;CHRNA4;CHRNA5;CHRNA6;CHRNA7;CHRNA2;CHRNA3;CHRNA9	CYP2C9;CYP1A1;CYP1A2;CYP2D6;CYP2C8;CYP2A13;CYP2B6;CYP2E1;MAOB;MAOA;CYP2C19;CYP2A6;CYP3A4	
DB00185	Cevimeline		CHRM3;CHRM1	CYP3A4;FMO1;CYP2D6	
DB00188	Bortezomib		PSMB5;PSMB1	CYP2C9;CYP3A4;CYP2C19;CYP1A2;CYP2D6	
DB00191	Phentermine		SLC6A3;SLC6A2;MAOA;MAOB;SLC6A4	CYP2C9;MAOB;MAOA;CYP1A2;CYP2D6	
DB00193	Tramadol		SLC6A2;SLC6A4;CHRM3;GRIN3A;OPRM1;CHRNA7;OPRD1;HTR2C;OPRK1	CYP3A4;CYP2B6;CYP2D6	
DB00195	Betaxolol		ADRB1;ADRB2	CYP1A2;CYP2D6	
DB00196	Fluconazole	ABCB1	ERG11	CYP2C9;CYP1A2;CYP2C19;CYP3A7;CYP3A4;CYP3A5;CYP11B1	
DB00198	Oseltamivir	ABCC4;SLC15A1;SLC22A8	CES1;NA;NEU1;NEU2		
DB00199	Erythromycin	SLCO1B1;ABCB1	MLNR;ALB;KCNH2	CYP3A7;CYP3A4;CYP2B6;CYP1A2	
DB00201	Caffeine	ABCB1	ADORA2A;ADORA1;PIK3CA;PDE1A;ATM;PIK3CD;PRKDC;RYR1;PDE4B;ITPR1;PIK3CB	CYP2C9;CYP2C8;CYP1A2;CYP1B1;CYP2D6;CYP1A1;CYP2E1;CYP3A7;CYP3A4;CYP3A5	
DB00202	Succinylcholine		CHRNA7;CHRM3;CHRM1;CHRNA10;CHRM2	BCHE	
DB00203	Sildenafil	ABCC4;ABCC5;ABCC10	PDE6H;PDE6G;PDE5A	CYP2C9;CYP1A1;CYP2D6;CYP2E1;CYP2C19;CYP3A7;CYP3A4;CYP3A5	
DB00204	Dofetilide		KCNJ12;KCNK2;KCNH2	CYP3A4	
DB00205	Pyrimethamine		DHFR;HEXB	CYP2C9;CYP2C8;CYP2D6	
DB00206	Reserpine	ABCB11;SLC22A2;ABCB1;SLC22A1;ABCC2	SLC18A2;SLC18A1;BIRC5	CYP3A5	
DB00207	Azithromycin	ABCB1	rplV;rplD;PADI4	CYP1A2;CYP3A4;CYP2A6	
DB00209	Trospium		CHRM1	CYP2D6	
DB00211	Midodrine	SLC15A1	ADRA1A;ADRA1B;ADRA1D	CYP2D6	
DB00213	Pantoprazole	SLCO1B1;ABCB1;ABCG2	ATP4A	CYP2C9;CYP3A4;CYP2C19;CYP1A2	
DB00215	Citalopram	SLC6A3;SLC6A2;ABCB1;SLC6A4	ADRA1A;HRH1;HTR2C;CHRM1;SLC6A4	CYP1A2;CYP2D6;CYP2B6;CYP2E1;CYP2C19;CYP3A4	
DB00216	Eletriptan	ABCB1	HTR7;HTR2B;HTR1D;HTR1E;HTR1F;HTR1A;HTR1B	CYP2C9;PTGS1;CYP2D6;CYP2C19;CYP2A6;CYP3A4	
DB00217	Bethanidine		ADRB1;KCNJ1;ADRA2A		
DB00219	Oxyphenonium		CHRM1		
DB00220	Nelfinavir	SLCO1B1;ABCG2;ABCB1;SLC22A1;SLCO1A2	HIV-1 protease	CYP2C9;CYP1A2;CYP2D6;CYP2B6;CYP2C19;CYP3A7;CYP3A4;CYP3A5	ALB
DB00222	Glimepiride		KCNJ11;ABCC8;KCNJ1	CYP2C9	
DB00223	Diflorasone		NR3C1		
DB00224	Indinavir	SLCO1B1;ABCB1;SLC22A1;SLCO1A2;ABCC1;ABCC2	pol	CYP2C9;CYP2D6;CYP2C19;CYP3A7;CYP3A4;CYP3A5	
DB00226	Guanadrel		SLC6A2		
DB00227	Lovastatin	SLCO1B1;ABCB1;ABCC2;SLCO1A2	HDAC2;ITGAL;HMGCR	CYP2C9;CYP2C8;CYP2D6;UGT2B7;PON3;CYP2C19;CYP3A7;CYP3A4;CYP3A5;UGT1A1;UGT1A3	
DB00228	Enflurane		ATP5D;GLRA1;GRIA1;KCNN4;ATP2C1;GABRA1;KCNA1	CYP2E1	ALB
DB00229	Cefotiam	SLC22A6	pbpA		
DB00230	Pregabalin	SLC1A1	CACNA1A		
DB00233	Aminosalicylic Acid		PTGS2;ALOX5;PLA2G2E;CHUK;folK	MPO	
DB00234	Reboxetine	ABCB1	SLC6A2	CYP3A4;CYP2D6	
DB00238	Nevirapine		pol	CYP2C9;CYP1A2;CYP2D6;CYP2B6;CYP2A6;CYP3A4;CYP3A5	ALB
DB00239	Oxiconazole		NR1I2;ERG7;ERG11	CYP3A4;CYP2C19	
DB00240	Alclometasone		NR3C1	CYP3A4	SERPINA6
DB00243	Ranolazine		SCN5A;SCN9A	CYP3A4;CYP2D6	
DB00244	Mesalazine		PTGS2;PTGS1;MPO;ALOX5;CHUK;IKBKB;PPARG;nat		
DB00245	Benzatropine		SLC6A3;CHRM1;HRH1	CYP2C19;CYP2D6	
DB00246	Ziprasidone		ADRA2A;ADRA2B;ADRA2C;HTR2A;HTR2C;HRH1;CHRM5;CHRM4;CHRM3;CHRM2;CHRM1;HTR6;HTR7;ADRA1A;ADRA1B;DRD4;DRD5;DRD2;DRD3;DRD1;HTR3A;HTR1D;HTR1E;HTR1A;HTR1B	CYP3A7;CYP3A4;CYP3A5;CYP1A2;CYP2D6	
DB00247	Methysergide		HTR7;HTR2A;HTR2C;HTR2B;HTR1E;HTR1F;HTR1A;HTR1B		
DB00248	Cabergoline		ADRA1A;ADRA1B;ADRA1D;ADRB1;DRD1;DRD4;DRD5;DRD2;DRD3;ADRA2B;ADRA2A;HTR7;ADRB2;HTR2A;HTR2C;HTR2B;HTR1D;ADRA2C;HTR1A;HTR1B	CYP3A4	
DB00252	Phenytoin	ABCB1;ABCC2;SLCO1C1	NR1I2;SCN5A;SCN1B;SCN3A;SCN1A	CYP2C9;CYP2C8;CYP2B6;CYP2C19;CYP2C18;CYP3A7;CYP3A4;CYP3A5;CYP11B1	ALB
DB00253	Medrysone		NR3C1		SERPINA6
DB00254	Doxycycline	SLC22A6;SLC22A8;SLC22A11	B2M;rpsD;PADI4;rpsI	CYP3A4	
DB00255	Diethylstilbestrol	ABCG2;ABCB1	NCOA2;ESRRG;ESRRA;ESRRB;ESR1;SHBG;NR1I2;AR;ESR2	CYP2C9;CYP2C8;CYP19A1;COMT;CYP2E1;CYP2A6;CYP3A4	TTR
DB00257	Clotrimazole	ABCB1;ABCC2;ABCC3	NR1I3;NR1I2;KCNN4;ERG11	CYP2C9;CYP2C8;CYP1A2;CYP11A1;CYP2D6;CYP19A1;CYP2B6;CYP2E1;CYP2C19;CYP2A6;CYP3A7;CYP3A4;CYP11B1	
DB00261	Anagrelide		PDE3A	CYP1A2	
DB00262	Carmustine		GSR	CYP1A2	
DB00263	Sulfisoxazole		folP	CYP2C9;CYP3A4	
DB00264	Metoprolol	ABCB1;SLC22A2	ADRB1;ADRB2	CYP2C19;CYP2D6	
DB00266	Dicoumarol		VKORC1;CRYZ;NQO1	CYP2C9	ALB
DB00268	Ropinirole		DRD4;DRD5;DRD2;DRD3;ADRA2B;DRD1;ADRA2A;HTR2A;HTR2C;HTR2B;HTR1D;ADRA2C;HTR1A;HTR1B	CYP1A2;CYP3A4;CYP2D6	
DB00270	Isradipine		CACNA1H;CACNA1S;CACNB2;CACNA1C;CACNA1D;CACNA2D2;CACNA2D1	CYP3A4	
DB00272	Betazole		HRH2		
DB00276	Amsacrine	ABCB1	KCNH2;ALB;ORM1;TOP2A	CYP2D6	
DB00277	Theophylline	SLC22A7	ADORA2A;ADORA2B;HDAC2;TTLL3;ADORA1;CPNE1;PDE3A;PARP1;NOMO1;RIC3;PDE4A;PDE4B;HM13;PDE5A	CYP2C9;CYP1A1;CYP1A2;CYP1B1;CYP2D6;CYP2C8;CYP2E1;ADA;CYP3A4	
DB00278	Argatroban		F2	CYP3A4;CYP3A5	
DB00279	Liothyronine	SLC10A1;SLC22A8;ABCB1;SLC7A5;SLCO4C1;SLCO1B1;SLCO1B3;SLC16A10;SLCO1A2;SLCO4A1;SLCO1C1	PCNA;THRB;THRA		TTR;ALB;SERPINA7
DB00280	Disopyramide	SLC22A1;SLC22A2	KCND3;KCND2;ORM2;KCNH2;CHRM3;CHRM2;CHRM1;SCN5A	CYP3A4	ORM1
DB00281	Lidocaine	SLC22A5;ABCB1	ORM1;ORM2;EGFR;SCN10A;SCN9A;SCN4A;SCN5A	CYP2C9;CYP2C8;CYP1A2;CYP2D6;CYP2B6;CYP2C18;CYP3A7;CYP3A4;CYP3A5;CYP2A6	
DB00283	Clemastine		HRH1	CYP3A4;CYP2D6	
DB00285	Venlafaxine	ABCB1;ABCG2	SLC6A3;SLC6A2;SLC6A4	CYP2C9;CYP2B6;CYP3A4;CYP2C19;CYP2D6	
DB00286	Conjugated estrogens	SLC10A1;SLCO3A1;ABCC11;SLCO1B3;SLCO4A1;SLC22A6;SLC22A10;SLC22A11;SLCO1B1;SLC51A;ABCB1;ABCG2;SLCO1A2;SLCO2B1;ABCC4;SLC51B;SLCO1C1;SLC22A8;ABCC1;ABCC2;ABCC3	ESR1	CYP3A4;CYP1A2;COMT	
DB00288	Amcinonide		ANXA1;NR3C1		
DB00289	Atomoxetine		SLC6A3;SLC6A2;GRIN1;SLC6A4	CYP3A4;CYP2C19;CYP2D6	
DB00294	Etonogestrel		PGR;ESR1	CYP3A4	
DB00295	Morphine	ABCB1	OPRK1;LY96;OPRM1;OPRD1	CYP2C8;UGT2B4;CYP2D6;UGT2B7;UGT2B15;UGT1A8;CYP3A4;UGT1A1;UGT1A3	
DB00296	Ropivacaine		SCN10A	CYP1A2;CYP2B6;CYP3A4;CYP2D6	
DB00297	Bupivacaine		PTGER1;SCN10A	CYP3A4;CYP2C19;CYP1A2;CYP2D6	
DB00298	Dapiprazole		ADRA1A;ADRA1B;ADRA1D		
DB00300	Tenofovir disoproxil	ABCC4;SLC22A6;SLC22A8;ABCC2;ABCC10	pol	AK2;CYP1A2;NME1;NME2;AK4	
DB00301	Flucloxacillin		pbpA	CYP3A4	
DB00304	Desogestrel		PGR;ESR1		
DB00307	Bexarotene		RXRG;RXRA;RXRB	CYP2C9;CYP3A4	
DB00308	Ibutilide		KCNJ11;KCNH7;KCNH6;KCNH2;CACNB1;CACNA1C;KCNK1;CACNG1;CACNA2D1;KCNK6		
DB00309	Vindesine		TUBB1	CYP3A4	
DB00312	Pentobarbital		GRIA2;GRIK2;CHRNA4;NR1I2;CHRNA7;GABRA5;GABRA4;GRIN1;GABRA6;GABRA1;GABRA3;GABRA2	CYP3A4;CYP2C19;CYP2A6	
DB00313	Valproic Acid	SLC16A1;SLC22A5;SLC22A6;SLC22A7;SLC22A8	OGDH;HDAC2;ABAT;HDAC9;PPARA;PPARG;PPARD;ACADSB;SCN1A;ALDH5A1	CYP2C9;CYP2C8;PTGS1;UGT1A3;UGT1A10;UGT2B7;CYP2B6;CYP1A2;UGT1A9;UGT2B15;CYP2C19;CYP2A6;UGT1A4;UGT1A8;CYP3A4;CYP3A5;UGT1A6;CYP2C18	ALB
DB00315	Zolmitriptan		HTR1D;HTR1F;HTR1A;HTR1B	CYP1A2;MAOA	
DB00316	Acetaminophen	SLC22A6;ABCB1	PTGS2;PTGS1;FAAH;GSTP1;TRPV1	CYP2C9;CYP2C8;CYP1A2;UGT1A10;CYP2D6;CYP1A1;NAT2;SULT1A1;CYP2E1;UGT2B15;SULT1A3;CYP2A6;SULT1E1;CYP3A4;SULT2A1;UGT1A1;UGT1A6;UGT1A9	
DB00317	Gefitinib	ABCB1;ABCG2	EGFR	CYP2C9;CYP1A1;CYP2D6;CYP2C19;CYP3A4;CYP3A5	ALB;ORM1
DB00318	Codeine	SLC22A1	OPRK1;OPRM1;OPRD1	UGT2B7;UGT2B4;CYP2D6;CYP3A7;CYP3A4;CYP3A5	
DB00319	Piperacillin	SLC22A6	pbp1b;pbp2a;pbp3;penA		
DB00320	Dihydroergotamine	ABCB1	HTR1D;ADRA2A;HTR1B;HTR2B	CYP3A4	
DB00321	Amitriptyline	ABCB1	SLC6A2;SLC6A4;ADRA2A;KCNA1;NTRK1;NTRK2;HRH4;HTR2A;HTR2C;HRH1;HRH2;KCND3;KCND2;CHRM3;CHRM5;CHRM4;KCNQ2;CHRM2;CHRM1;KCNQ3;HTR6;HTR7;OPRM1;OPRK1;ADRA1A;ADRA1B;ADRA1D;SIGMAR1;ADRB1;OPRD1;HTR1D;HTR1A;HTR1B	CYP2C9;CYP2C8;CYP1A2;CYP2D6;CYP2B6;CYP2E1;CYP2C19;CYP3A4;CYP3A5	ALB;ORM1
DB00323	Tolcapone		COMT	CYP2C9	
DB00324	Fluorometholone		NR3C1	CYP3A4	SERPINA6
DB00327	Hydromorphone		OPRK1;OPRM1;OPRD1	CYP2C9;CYP3A4;PTGS1;CYP2D6;UGT1A9	
DB00328	Indomethacin	SLC10A1;SLC22A6;SLC22A11;ABCB1;SLC22A7;SLCO1A2;ABCC4;ABCC6;ABCC11;SLC22A8;ABCC1;ABCC2;ABCC3	PTGS2;PTGS1;PTGDR2;PTGR2;PLA2G2A;PPARG;PPARA;GLO1;AKR1C3	CYP2C9;UGT2B7;CES1;CYP2C19;UGT1A9;UGT1A1	ALB
DB00332	Ipratropium bromide	SLC22A4;SLC22A5	CHRM3;CHRM2;CHRM1	CYP3A4;CYP2D6	
DB00333	Methadone	ABCB1	ORM2;CHRNA10;GRIN3A;OPRM1;OPRD1;HTR3A;LY96	CYP2C9;CYP2C8;CYP1A2;CYP2D6;CYP19A1;CYP2B6;CYP2C19;CYP2C18;CYP3A7;CYP3A4;CYP3A5	
DB00334	Olanzapine	ABCB1	HTR5A;HTR2B;GABRA1;ADRA2A;ADRA2B;ADRA2C;HRH4;HTR2A;HTR2C;HRH1;HRH2;CHRM5;CHRM4;CHRM3;CHRM2;CHRM1;HTR6;HTR7;ADRA1A;ADRA1B;DRD4;DRD5;DRD2;DRD3;DRD1;ADRB1;HTR3A;HTR1D;HTR1E;HTR1A;HTR1B	CYP2C9;FMO3;CYP1A2;CYP2D6;CYP2C19;CYP3A4	ALB;ORM1
DB00335	Atenolol	ABCB1	ADRB1;ADRB2		
DB00337	Pimecrolimus		MTOR;FKBP1A	CYP3A4	
DB00338	Omeprazole	ABCB1;ABCG2;ABCC3	AHR;ATP4A	CYP2C9;CYP2C8;CYP1A2;CYP11A1;CYP1B1;CYP2D6;CYP1A1;CYP2C19;CYP2C18;CYP3A4	
DB00340	Metixene		CHRM5;CHRM4;CHRM3;CHRM2;CHRM1		
DB00341	Cetirizine		HRH1		
DB00342	Terfenadine	ABCB1	KCNH2;CHRM5;CHRM4;CHRM3;CHRM2;CHRM1;HRH1	CYP2C9;CYP2C8;CYP2D6;CYP2J2;CYP3A7;CYP3A4;CYP3A5	
DB00343	Diltiazem	ABCB1	CACNG1	CYP2C9;CYP2C8;CYP2D6;CYP2C19;CYP3A7;CYP3A4;CYP3A5	
DB00344	Protriptyline	ABCB1	SLC6A2;SLC6A4	CYP2D6	
DB00346	Alfuzosin		ADRA1A;ADRA1B;ADRA1D;KCNH2	CYP3A4	
DB00347	Trimethadione		CACNA1G	CYP2C9;CYP2C8;CYP3A4;CYP2C19;CYP2E1	
DB00349	Clobazam	SLC6A1;SLC6A11;ABCB1	GABRA1	CYP2B6;CYP3A4;CYP2C19;CYP2C18;CYP2D6	
DB00350	Minoxidil		KCNJ1;REN;PTGS1		
DB00351	Megestrol acetate	ABCB1	NR3C1;PGR		
DB00353	Methylergometrine		HTR2B;DRD1	CYP3A4	
DB00354	Buclizine		CHRM1;HRH1		
DB00356	Chlorzoxazone		KCNMA1	CYP1A1;CYP1A2;CYP2D6;CYP2E1;CYP2A6;CYP3A4	
DB00357	Aminoglutethimide		CYP19A1;CYP11A1	CYP3A4;CYP2C19;CYP1A2	
DB00358	Mefloquine	ABCB1	HBA1;ADORA2A	ACHE;CYP3A4;CYP19A1;BCHE;CYP2D6	
DB00360	Sapropterin		PAH;TPH1;NOS3;TH	PTGS2	
DB00361	Vinorelbine	ABCB1	TUBB	CYP3A4;CYP2D6	
DB00363	Clozapine	ABCB1	ADRA2A;ADRA2B;ADRA2C;HRH4;HTR2A;HTR2C;HRH1;CHRM5;CHRM4;CHRM3;CHRM2;CHRM1;HTR6;HTR7;ADRA1A;CALY;ADRA1B;DRD4;DRD2;DRD3;DRD1;GSTP1;HTR3A;HTR1D;HTR1E;HTR1A;HTR1B	CYP2C9;CYP2C8;CYP1A2;CYP1B1;CYP2D6;FMO3;CYP2E1;CYP1A1;CYP2C19;CYP2A6;UGT1A4;CYP3A4	
DB00365	Grepafloxacin	ABCB1;SLC22A5;SLC22A6;SLC22A2;ABCC1;ABCC2	parC;gyrA	CYP1A2;CYP3A4	
DB00366	Doxylamine		NR1I3;CHRM1;HRH1	CYP2B	
DB00367	Levonorgestrel		SHBG;SRD5A1;AR;PGR;ESR1	CYP3A4;CYP19A1	
DB00368	Norepinephrine	SLC6A2;SLC22A5;POU5F1;SLC22A1;SLC22A2;SLC22A3	ADRA1A;ADRA1B;ADRA1D;ADRA2A;ADRA2B;ADRA2C;ADRB1;ADRB2;ADRB3;PAH;SLC18A2;SLC18A1	CYP1A2	
DB00369	Cidofovir	SLC22A6	UL54	TYMP	
DB00370	Mirtazapine		ADRA1A;SLC6A2;HTR2B;SLC6A3;SLC6A4;DRD1;ADRB1;HTR3A;DRD2;ADRA2A;ADRA2C;HTR7;ADRB2;HTR2A;HRH3;HTR2C;HRH1;OPRK1;DRD3	CYP2C9;CYP2C8;CYP3A4;CYP1A2;CYP2D6	
DB00371	Meprobamate	ABCB1	GABRA5;GABRA4;GABRA6;GABRA1;GABRA3;GABRA2	CYP2C19;CYP2E1	
DB00373	Timolol	ABCB1	ADRB1;ADRB2;E	CYP2C19;CYP2D6	
DB00374	Treprostinil		PPARD;P2RY12;PTGIR	CYP2C9	
DB00376	Trihexyphenidyl		CHRM5;CHRM4;CHRM3;CHRM2;CHRM1		
DB00377	Palonosetron		HTR3A	CYP3A4;CYP1A2;CYP2D6	
DB00378	Dydrogesterone		PGR		
DB00379	Mexiletine		AHR;SCN5A	CYP1A2;CYP2B6;CYP2E1;CYP2D6;CYP3A4	
DB00381	Amlodipine	ABCB1	CA1;CACNA1S;CACNB2;CACNA1B;CACNA1C;CACNA1D;SMPD1;CACNA2D3;CACNA2D1;CACNB1	CYP2C9;CYP1A1;CYP1A2;CYP2D6;CYP2C8;CYP2B6;CYP2A6;CYP3A7;CYP3A4;CYP3A5	
DB00383	Oxyphencyclimine		CHRM3;CHRM2;CHRM1		
DB00384	Triamterene		SCNN1G;SCNN1D;SCNN1B;SCNN1A	CYP1A2	
DB00387	Procyclidine		CHRM4;CHRM3;CHRM2;CHRM1		
DB00388	Phenylephrine		ADRA1A;ADRA1B;ADRA1D	MAOA;CYP1A2	
DB00389	Carbimazole		TPO	CYP1A2;CYP19A1	
DB00390	Digoxin	SLCO4C1;SLCO4A1;ABCB1;SLCO1B3;SLCO1B1;SLC51A;ABCB11;SLCO1A2;SLCO2B1;SLC51B;SLC22A8;SLCO1C1	ATP1A1	CYP3A4;CYP11A1	
DB00392	Ethopropazine		GRIN3A;CHRM2;CHRM1	BCHE	
DB00393	Nimodipine		NR3C2;CACNB3;CACNB2;CACNB1;CACNA1C;CACNA1D;CACNA1F;CACNB4;AHR;CACNA1S	CYP3A4;CYP3A5	
DB00394	Beclomethasone dipropionate		NR3C1	CYP3A5	SERPINA6
DB00396	Progesterone	SLC10A1;ABCB1;ABCB11;SLC22A1;SLC22A2;SLC22A3;ABCC1	NR3C2;NR3C1;ORM1;NR1I2;ESR1;SHBG;CYP17A1;AR;PGR;OPRK1	CYP2C9;CYP1A1;CYP1A2;CYP1B1;CYP2D6;CYP2C8;CYP17A1;CYP2C19;CYP2A6;CYP3A7;CYP3A4;CYP3A5	
DB00397	Phenylpropanolamine		ADRB1;ADRB2;ADRA2A;DRD1	MAOA;CYP1A2	
DB00398	Sorafenib	ABCC4;ABCG2;ABCB1;ABCC2;RALBP1	PDGFRB;RET;KIT;BRAF;FLT4;FLT1;RAF1;FLT3;KDR;FGFR1	CYP2C9;CYP2C8;CYP1A2;CYP2D6;CYP2B6;CYP2C19;UGT1A9;CYP3A7;CYP3A4;CYP3A5;UGT1A1	
DB00399	Zoledronic acid	ABCC1	FDPS;GGPS1		
DB00400	Griseofulvin		TUB2;TUB1;KRT12	CYP1A2;CYP3A4	
DB00401	Nisoldipine	ABCB1	CACNB2;CACNA2D1;CACNA1C;CACNA1D;CACNA1S	CYP3A7;CYP3A4;CYP3A5;CYP1A2	
DB00402	Eszopiclone		GABRA5;TSPO;GABRA1;GABRA3;GABRA2	CYP2C9;CYP2C8;CYP3A4;PTGS1	
DB00404	Alprazolam		GABRA1	CYP2C9;CYP3A7;CYP3A4;CYP3A5	
DB00405	Dexbrompheniramine		HRH1		
DB00408	Loxapine		SLC6A3;HTR5A;SLC6A4;ADRA2A;ADRA2B;ADRA2C;HRH4;HTR2A;HTR2C;HRH1;HRH2;SLC6A2;CHRM5;CHRM4;CHRM3;CHRM2;CHRM1;HTR6;HTR7;ADRA1A;ADRA1B;DRD4;DRD5;DRD2;DRD3;DRD1;ADRB1;HTR3A;HTR1D;HTR1E;HTR1A;HTR1B		
DB00409	Remoxipride		HTR2A;DRD4;DRD2;DRD3;SIGMAR1	CYP2D6	
DB00411	Carbachol		CHRM4;CHRM3;CHRM2;CHRM1;CHRNA2;ACHE	PLA2G4A	
DB00412	Rosiglitazone	SLCO1B1	RXRG;RXRA;RXRB;PPARG;PPARD;ACSL4;PPARA	CYP2C9;CYP2C8;PTGS1;CYP2D6;CYP1A2;CYP2C19;CYP2A6	ALB
DB00413	Pramipexole	SLC22A1;SLC22A2	DRD1;DRD4;DRD5;DRD2;DRD3;ADRA2B;ADRA2A;HTR2A;HTR2C;HTR2B;HTR1D;ADRA2C;HTR1A;HTR1B		
DB00418	Secobarbital		GRIA2;GRIK2;CHRNA4;CHRNA7;GABRA5;GABRA4;GRIN1;GABRA6;GABRA1;GABRA3;GABRA2	CYP2C9;CYP2C8;CYP1A2	
DB00420	Promazine		ADRA1A;ADRA1B;ADRA1D;CHRM3;DRD4;CHRM4;DRD2;CHRM2;CHRM1;DRD1;HTR2A;HTR2C;HRH1;CHRM5	CYP2C9;CYP1A2;CYP2C19;CYP3A4;CYP2D6	
DB00421	Spironolactone	ABCB1;SLCO1A2;ABCC2	NR3C2;NR3C1;SHBG;NR1I2;AR;PGR;CACNG1;CYP11B2;SRD5A1	CYP2C8;CYP11B1	
DB00422	Methylphenidate		SLC6A3;SLC6A2;SLC6A4	CES1A1a;CYP2D6	
DB00424	Hyoscyamine		CHRM4;CHRM3;CHRM2;CHRM1		
DB00427	Triprolidine		HRH1	CYP2D6	
DB00428	Streptozocin	ABCB1	MGEA5;SLC2A2	CYP1A1;CYP1A2;CYP2E1	
DB00432	Trifluridine	SLC22A6	TYMS	TYMP;TK1	
DB00433	Prochlorperazine		DRD2	CYP3A4;CYP2D6	
DB00434	Cyproheptadine		CHRM3;CHRM2;CHRM1;HTR7;HTR2A;HTR2C;HRH1	UGT1A3	
DB00437	Allopurinol	SLC22A7;SLC22A8	XDH	AOX1;XDH	
DB00438	Ceftazidime	SLC15A2;SLC22A5;SLC22A6;SLC15A1	pbp3;pbpG;ftsI;mrcA;mrcB;mrdA;pbpA;ponB		
DB00439	Cerivastatin	SLCO1B1;ABCB1;ABCG2;ABCC2	HMGCR	CYP2C9;CYP2C8;CYP2D6;CYP2B6;CYP2C19;CYP3A7;CYP3A4;CYP3A5	
DB00440	Trimethoprim	ABCB1	DHFR;TYMS	CYP2C9;CYP2C8;CYP3A4	
DB00441	Gemcitabine	SLC28A3;SLC28A1;ABCB1;SLC29A2;SLC29A1;ABCC10	TYMS;RRM1;CMPK1	CDA;DCK	
DB00443	Betamethasone	ABCB1	NR3C1	CYP3A4;CYP19A1	
DB00444	Teniposide	ABCC6;ABCG2	TOP2A	CYP2C9;CYP3A4;CYP3A5;CYP2C19	
DB00445	Epirubicin	ABCC1	CHD1;TOP2A	UGT2B7;PLA2G4A	
DB00446	Chloramphenicol	SLC22A6	draA;rplP;CD55	CYP2C9;CYP2C8;cat;cat3;CYP2C19;CYP3A7;CYP3A4;CYP3A5	
DB00448	Lansoprazole	ABCB1;ABCG2	ATP4A;MAPT	CYP2C9;CYP1A1;CYP1A2;CYP1B1;CYP2D6;CYP2C8;CYP2C19;CYP2C18;CYP4A11;CYP3A4	
DB00449	Dipivefrin		ADRA1A;ACHE;ADRB2;BCHE;ADRA2A		
DB00450	Droperidol		ADRA1A;DRD2		
DB00451	Levothyroxine	SLC7A5;SLCO4C1;SLC16A2;SLCO1B3;SLCO1B1;ABCB1;SLCO1A2;SLCO4A1;SLCO1C1	THRB;THRA	CYP2C8;CYP3A4	TTR;ALB;SERPINA7
DB00454	Pethidine		SLC6A3;SLC6A2;CES1;SLC6A4;CHRM1;GRIN2B;GRIN2C;OPRM1;GRIN2A;GRIN2D;OPRK1;GRIN1	CYP2B6;CYP3A4;CYP2C19;CYP2D6	ALB;ORM1
DB00455	Loratadine	ABCB1	KCNH2;HRH1	CYP2C9;CYP2C8;CYP3A4;CYP2C19;CYP2D6	
DB00456	Cefalotin	SLC22A11;SLC22A5;SLC22A6;SLC22A7;SLC15A2;SLC15A1;SLC22A8	pbp2a;pbp3;ampC;pbp1b;penA;pbpA		ALB
DB00457	Prazosin	ABCG2;ABCB1;SLC22A1;SLC22A2;SLC22A3	ADRA1A;KCNH7;ADRA1B;ADRA1D;KCNH2;ADRA2A;ADRA2B;KCNH6	CYP1A1	ORM1
DB00458	Imipramine	SLC22A4;ABCB1;SLC22A1;SLC22A2;SLC22A3	SLC6A3;SLC6A2;SLC6A4;HTR2A;HTR2C;HRH1;KCND3;KCND2;CHRM5;CHRM4;CHRM3;CHRM2;CHRM1;HTR6;HTR7;ADRA1A;ADRA1B;KCNH1;ADRA1D;ORM2;KCNH2;DRD2;DRD1;HTR1A	CYP1A2;CYP2D6;CYP2B6;CYP2E1;CYP2C19;CYP2C18;CYP3A7;CYP3A4	ALB;ORM1
DB00461	Nabumetone		PTGS2;PTGS1	MPO;CYP1A2	
DB00462	Methylscopolamine bromide		CHRM3;CHRM2;CHRM1		
DB00465	Ketorolac		PTGS2;PTGS1		
DB00467	Enoxacin		TOP2A;parC;gyrA	CYP1A2	
DB00468	Quinine	SLC22A2;SLC22A4;SLC22A5;ABCB1;SLC22A1;SLCO1A2	KCNN4;GP9	CYP2C9;CYP2C8;CYP1A2;CYP2D6;CYP1A1;CYP2E1;CYP2C19;CYP3A7;CYP3A4;CYP3A5	
DB00469	Tenoxicam	SLC22A8	PTGS2;PTGS1	CYP2C9	
DB00470	Dronabinol	ABCB1;ABCG2	CNR1;CNR2	CYP2C9;CYP1A1;PTGS1;CYP2C19;CYP2A6;CYP3A4	
DB00471	Montelukast	SLCO2B1	ALOX5;CYSLTR1	CYP2C9;CYP2C8;CYP3A4;PTGS1;CYP2A6	
DB00472	Fluoxetine	ABCB1	KCNH2;CKS1B;HTR2C;SLC6A4	CYP2C9;CYP1A2;CYP2D6;CYP2B6;CYP2B;CYP2C19;CYP3A4;CYP3A5	ALB;ORM1
DB00475	Chlordiazepoxide		GABRA1	CYP3A4;CYP2D6	
DB00476	Duloxetine		SLC6A3;SLC6A2;SLC6A4	CYP1A2;CYP2D6	
DB00477	Chlorpromazine	ABCB11;ABCB1;SLC22A1	ADRA1A;HTR6;ADRA1B;ORM1;KCNH2;CHRM3;DRD4;DRD5;DRD2;DRD3;CHRM1;DRD1;ADRA2A;HTR7;HRH4;HTR2A;HTR2C;HRH1;SMPD1;HTR1A;CALM1	CYP2E1;CYP1A2;BCHE;CYP3A4;CYP2D6	ALB
DB00480	Lenalidomide	ABCB1	PTGS2;TNFSF11;CRBN;CDH5		
DB00481	Raloxifene		SERPINB9;ESR2;TFF1;ESR1	CYP2C8;CYP3A4;CYP19A1;CYP2B6;AOX1	
DB00482	Celecoxib	ABCC4	CA3;PTGS2;CA2;PDPK1	CYP2C9;CYP2C8;CYP3A4;CYP2D6	ALB;ORM1
DB00483	Gallamine Triethiodide		CHRM1;ACHE;CHRM5;CHRM2;CHRNA2		
DB00484	Brimonidine		ADRA2A;ADRA2B;ADRA2C	AOX1	
DB00485	Dicloxacillin	SLC15A2;SLC15A1	pbp2a;pbp3;pbp1b;pbpC;penA;pbpA	CYP3A4	
DB00487	Pefloxacin		TOP2A;parC;topA;gyrA	CYP1A2	
DB00490	Buspirone	ABCB1	DRD2;HTR1A	CYP3A7;CYP3A4;CYP3A5;CYP2D6	
DB00493	Cefotaxime	SLC22A11;SLC22A6;SLC22A7;SLC15A2;SLC15A1;SLC22A8	pbp2a;ALB;pbp1b;SLC22A11;SLC22A6;SLC22A7;pbpC;penA;pbpA;SLC15A2;SLC15A1;SLC22A8		
DB00495	Zidovudine	ABCG2;SLC28A1;ABCB1;SLC22A11;SLC22A6;SLC22A7;SLC29A2;SLC22A2;ABCC4;ABCC5;SLC22A8	pol;TERT	CYP2C9;CYP2C8;UGT2B7;CYP2C19;CYP2A6;TK1;CYP3A4	ALB
DB00496	Darifenacin		CHRM5;CHRM4;CHRM3;CHRM2;CHRM1	CYP3A4;CYP2D6	
DB00497	Oxycodone		OPRK1;OPRM1;OPRD1;ORM1	CYP3A7;CYP3A4;CYP3A5;CYP2D6	
DB00499	Flutamide		AHR;NR1I2;AR	CYP1A1;CYP1A2;CYP1B1;CYP2C19;CYP3A4;CYP3A5	
DB00500	Tolmetin	SLC22A6	PTGS2;PTGS1	MPO;TDO2	ALB
DB00501	Cimetidine	SLC22A6;ABCB1;SLC22A11;SLC22A4;SLC22A5;ABCB11;SLC22A7;SLC22A1;SLC22A2;SLC22A3;SLC47A1;SLC22A8	HRH2	CYP2C9;CYP2C8;CYP1A2;FMO1;CYP2D6;FMO3;CYP2E1;CYP2C19;CYP3A7;CYP3A4;CYP3A5;CYP11B1	
DB00502	Haloperidol	ABCB1	DRD2;DRD3;MCHR1;DRD1;GRIN2B;HTR2A;SLC18A2	CYP2C9;CYP1A1;CYP1A2;CYP2D6;CBR1;CYP2C19;UGT1A9;CYP3A7;CYP3A4;CYP3A5	
DB00503	Ritonavir	ABCG2;SLCO1B1;ABCB1;SLCO1A2;ABCC1;ABCC2	NR1I2;pol	CYP2C9;CYP2C8;CYP1A2;CYP2D6;CYP3A43;CYP2B6;CYP2E1;CYP2C19;CYP3A7;CYP3A4;CYP3A5	ALB
DB00504	Levallorphan		OPRM1		
DB00508	Triflupromazine	ABCB1	HTR2B;DRD2;CHRM2;CHRM1;DRD1	BCHE	
DB00513	Aminocaproic Acid		PLG;LPA;PLAT	AOX1	
DB00514	Dextromethorphan	ABCB1	CHRNA4;CYBB;PGRMC1;SLC6A4;CHRNB2;CHRNB4;GRIN3A;SLC6A2;OPRM1;CHRNA7;OPRD1;CHRNA2;CHRNA3;OPRK1;SIGMAR1	CYP2C9;CYP2C8;CYP2D6;CYP2B6;CYP2E1;CYP2C19;CYP3A7;CYP3A4;CYP3A5	
DB00515	Cisplatin	ABCG2;ABCB1;SLC31A1;SLC31A2;SLC22A2;ABCC5;ABCC6;ATP7B;ATP7A;ABCC2;ABCC3	TF;MPG;A2M;ATOX1	CYP2C9;PTGS2;CYP4A11;GSTT1;SOD1;MPO;CYP2B6;XDH;GSTP1;BCHE;nat;GSTM1;MT2A;NQO1;MT1A	ALB
DB00517	Anisotropine Methylbromide		CHRM3;CHRM2;CHRM1		
DB00518	Albendazole	ABCB1	TUBB4B;TUBA1A	CYP1A1;CYP3A4;CYP1A2	
DB00520	Caspofungin	SLCO1B1;SLC22A6;ABCB1;SLC22A1;SLCO1B3	fksA	CYP3A4	
DB00521	Carteolol		ADRB1;ADRB2	CYP2D6	
DB00523	Alitretinoin	ABCB1	RARA;RARB;RARG;RXRG;RXRA;RXRB;IGFBP3;PSG5;CYP26C1	CYP1A2	CRABP1;CRABP2
DB00529	Foscarnet	SLC16A1;SLC22A6	UL54		
DB00530	Erlotinib	ABCG2;ABCB1	NR1I2;EGFR	CYP1A1;CYP1A2;CYP1B1;CYP2D6;CYP2C8;CYP3A4;CYP3A5;UGT1A1	ALB;ORM1
DB00531	Cyclophosphamide	ABCB1	NR1I2	CYP2C9;CYP2C8;CYP2D6;CYP2B6;CYP2C19;CYP2A6;CYP3A7;CYP3A4;CYP3A5;CYP2C18	
DB00533	Rofecoxib	ABCC4	PTGS2;ELN	CYP2C9;CYP2C8;CYP1A2;PTGS1;CYP3A4	
DB00536	Guanidine	SLC22A4;SLC22A5;SLC22A1;SLC22A2;SLC22A3;SLC22A8	RNASE1;GAMT;E;DLG4;ALDH2;rocF;argG		
DB00537	Ciprofloxacin	ABCB1	parE;parC;KCNH2;gyrA;mdtK;TOP2A	CYP3A7;CYP3A4;CYP3A5;CYP1A2	
DB00539	Toremifene	ABCB1	SHBG;ESR1	CYP1A1;CYP3A4;CYP1A2	
DB00540	Nortriptyline		ADRA1A;SLC6A2;ADRA1B;ADRA1D;PGRMC1;SLC6A4;DRD2;CHRM5;CHRM4;CHRM3;CHRM2;CHRM1;ADRA2A;HTR6;ADRB1;Htr2c;HTR2A;HTR2C;HRH1;HTR1A	CYP2C9;CYP1A2;CYP2D6;PTGS1;CYP2E1;CYP2C19;CYP3A4;CYP3A5	ALB;ORM1
DB00541	Vincristine	ABCG2;RALBP1;ABCB11;ABCB1;ABCC10;SLC22A3;ABCC1;ABCC2;ABCC3	TUBA4A;TUBB	CYP3A7;CYP3A4;CYP3A5	
DB00543	Amoxapine		ADRA1A;SLC6A2;HTR3A;SLC6A3;SLC6A4;DRD4;HTR2B;DRD2;ADRA2A;CHRM1;DRD1;HTR6;HTR7;HRH4;HTR2A;HTR2C;HRH1;DRD3;GABRA1;HTR1A;HTR1B	CYP2D6	ORM1
DB00544	Fluorouracil	ABCG2;SLC22A7;SLC29A1;ABCC4;ABCC5;ABCC3	TYMS	CYP2C9;UPP2;UPP1;UMPS;DPYD;MTHFR;CYP1A2;CYP2C8;TYMS;TYMP;PPAT;CYP2A6	ALB
DB00545	Pyridostigmine		ACHE;BCHE;ALB	CYP3A4	
DB00547	Desoximetasone		NR3C1		
DB00549	Zafirlukast	ABCG2	CYSLTR1	CYP2C9;CYP2C8;PTGS1;CYP2D6;CYP1A2;CYP2E1;CYP2C19;CYP3A4	
DB00554	Piroxicam	SLC22A6;SLC22A8;SLC22A11	PTGS2;PTGS1	CYP2C9;CYP2C8	ALB
DB00555	Lamotrigine	ABCB1	ADRA1A;ADORA2A;ADORA1;HTR3A;DRD2;CACNA1E;CHRM1;ADRA2A;ADRB1;SCN2A;HTR2A;HRH1;OPRK1;DRD1;GABRA1	UGT1A4;DHFR;UGT1A3	
DB00557	Hydroxyzine		HRH1	CYP2D6	
DB00559	Bosentan	ABCB11	EDNRA;EDNRB	CYP2C9;CYP3A4	
DB00563	Methotrexate	SLCO1B1;SLCO1B3;ABCC1;ABCB1;SLCO4C1;ABCC11;SLC46A1;SLCO3A1;SLCO1A2;ABCC10;SLCO1C1;ABCG2;SLC16A1;SLC22A11;SLC22A6;SLC22A7;ABCC4;ABCC3;SLC22A8;FOLR1;ABCC2;SLC19A1	DHFR	AOX1;PGD;ATIC;TYMS;DHFR;MTHFR;FPGS;GGH	ALB
DB00564	Carbamazepine	ABCB1;ABCC2;RALBP1	CHRNA4;CHRNB2;SCN5A;NR1I2	CYP2C9;CYP2C8;CYP1A2;UGT2B7;CYP2B6;CYP2C19;CYP3A7;CYP3A4;CYP3A5	
DB00567	Cephalexin	SLC22A5;SLC22A6;SLC15A2;SLC47A1;SLC15A1;SLC22A8	penA;pbp2a;pbp3;pbp1b;pbpA	CYP3A4;CYP2D6	ALB
DB00568	Cinnarizine		CACNA1H;CACNA1I;DRD1;DRD2;CACNA1C;CACNA1D;CACNA1F;CACNA1G;CHRM1;HRH1;CACNA1S	CYP2C9;CYP1A1;CYP1A2;CYP2D6;CYP2B6;CYP2A6	
DB00570	Vinblastine	ABCB1;ABCB11;SLC22A2;ABCC6;ABCC1;ABCC2	TUBA1A;JUN;TUBB;TUBG1;TUBD1;TUBE1	CYP3A4;CYP2D6	
DB00571	Propranolol	ABCB1;SLC22A2	ADRB1;ADRB2;ADRB3;HTR1A;HTR1B	CYP1A1;CYP1A2;CYP2D6;CYP2C19;CYP3A7;CYP3A4;CYP3A5	ORM1
DB00572	Atropine		CHRNB2;GLRA1;CHRM4;CHRM3;CHRM2;CHRM1;CHRNA4;CHRM5	CYP1A2	
DB00573	Fenoprofen		PTGS2;PTGS1;PPARG;PPARA		ALB
DB00574	Fenfluramine		HTR2B;HTR2A;HTR2C;SLC6A4	CYP2D6	
DB00575	Clonidine	SLC22A4;SLC22A5;ABCB1;SLC22A1;SLC22A3	ADRA1A;ADRA1B;ADRA1D;ADRA2A;ADRA2B;ADRA2C	CYP1A1;CYP1A2;CYP3A5;CYP3A4;CYP2D6	
DB00576	Sulfamethizole		folP	CYP2C9	ALB
DB00577	Valaciclovir	SLC10A2;SLC22A6;SLC15A2;SLC15A1;SLC22A8;SLC6A14	TK	CYP1A2	
DB00579	Mazindol		SLC6A3;SLC6A2;SLC18A2;SLC6A4		
DB00580	Valdecoxib		CA3;PTGS2;CA2	CYP2C9;CYP3A4;CYP2C19;UGT1A9	
DB00583	L-Carnitine	SLC22A4;SLCO1B1;SLC22A16;SLC22A8;SLC22A5	CRAT;CPT1A;CES1;MPO;CROT;CPT2;XDH;SLC22A4;SLC22A5;SLC25A20;SLC25A29		
DB00584	Enalapril	SLC22A6;ABCB1;SLC22A7;SLCO1A2;SLC15A1;SLC22A8	ACE	CYP3A4	
DB00585	Nizatidine	ABCB1	HRH2	BCHE	
DB00586	Diclofenac	ABCB1;SLC22A11;SLC22A6;ABCC4;SLC22A8;ABCC1;SLCO1C1	PTGS2;PTGS1;KCNQ2;ALOX5;ASIC1;KCNQ3;PLA2G2A;SCN4A	CYP2C9;CYP2C8;CYP1A2;UGT2B7;CYP2B6;PTGS1;CYP2E1;CYP1A1;CYP2C19;CYP2C18;CYP3A4;UGT1A1	TTR;ALB
DB00588	Fluticasone propionate		NR3C2;NR3C1;PGR;PLA2G4A	CYP3A7;CYP3A4;CYP3A5	SERPINA6
DB00589	Lisuride		DRD4;DRD5;DRD2;DRD3;ADRA2B;DRD1;ADRA2A;HTR7;HTR2A;HTR2C;HTR2B;HTR1D;ADRA2C;HTR1A;HTR1B	CYP3A4;CYP2D6	
DB00590	Doxazosin	ABCB1	ADRA1A;KCNH7;ADRA1B;ADRA1D;KCNH2;KCNH6	CYP2C19;CYP2D6	ORM1
DB00591	Fluocinolone Acetonide		NR3C1	PLA2G4A	SERPINA6
DB00592	Piperazine		GABRB3	CYP2D6	
DB00593	Ethosuximide		CACNA1G	CYP3A43;CYP3A7;CYP3A4;CYP3A5;CYP2E1	
DB00595	Oxytetracycline	SLC22A6;SLC22A7;SLC22A8;SLC22A11	rpsD;rpsI		
DB00596	Ulobetasol		NR3C1		SERPINA6
DB00598	Labetalol		ADRA1A;ADRB1;ADRB2	CYP2D6	
DB00599	Thiopental		FAAH;GRIA2;GRIK2;CHRM3;CHRNA4;CHRNA7;GABRA5;GABRA4;GABRA6;GABRA1;GABRA3;GABRA2	CYP3A4;CYP2E1	
DB00602	Ivermectin	ABCG2;ABCB1;ABCC1;ABCC2	GLRA3;GABRB3	CYP3A4	
DB00603	Medroxyprogesterone acetate		PGR;ESR1	CYP2C9;CYP2C8;CYP3A4;HSD3B2	
DB00604	Cisapride		HTR4;KCNH2;HTR2A;HTR3A	CYP2C9;CYP2C8;CYP1A2;CYP2D6;CYP2B6;CYP2C19;CYP2A6;CYP3A7;CYP3A4;CYP3A5	
DB00605	Sulindac	SLC22A6	PTGS2;PTGS1;PTGDR2;MAPK3;PPARD;AKR1B10;AKR1B1	CYP1A1;CYP1A2	ALB
DB00606	Cyclothiazide	SLC22A6	CA2;CA1;FXYD2;SFRP4;CA4		
DB00607	Nafcillin	SLC22A6	pbpA;pbp2a;penA;pbp1b;pbp3	CYP3A4;CYP1A2	ALB
DB00608	Chloroquine	ABCB1	TNF;GST;GSTA2;TLR9	CYP1A1;CYP3A4;CYP3A5;CYP2D6;CYP2C8	
DB00610	Metaraminol		ADRA1A		
DB00611	Butorphanol		OPRK1;OPRM1;OPRD1		
DB00612	Bisoprolol		ADRB1;ADRB2	CYP3A4;CYP2D6	
DB00615	Rifabutin		rpoC;rpoB;rpoA;HSP90B1;HSP90AA1	CYP3A4;CYP1A2	
DB00617	Paramethadione		CACNA1I	CYP2C9;CYP2C8;CYP3A4;CYP2E1	
DB00619	Imatinib	ABCG2;ABCB1;SLC22A1;SLC22A2;ABCA3	PDGFRB;PDGFRA;DDR1;BCR/ABL fusion;CSF1R;NTRK1;RET;KIT;ABL1	CYP2C9;CYP1A2;CYP2D6;PTGS1;CYP2C19;CYP3A7;CYP3A4;CYP3A5	ALB;ORM1
DB00620	Triamcinolone		NR3C1	PTGS2;CYP3A4;BCHE	SERPINA6
DB00621	Oxandrolone		AR		
DB00622	Nicardipine	ABCB1	ADRA1A;ADRA1B;ADRA1D;CALM1;CACNB2;PDE1A;CACNA1C;CACNA1D;CHRM2;CHRM1;CHRM4;CHRM3;PDE1B;CACNA2D1;CHRM5	CYP2C9;CYP2C8;CYP2D6;CYP2B6;CYP2E1;CYP2C19;CYP3A4;CYP3A5	
DB00623	Fluphenazine	ABCB1	CALM1;DRD2;DRD1;AR;HTR2A;HTR2C	CYP1A2;CYP2E1;CYP2D6	
DB00624	Testosterone	SLC10A1;ABCG2;SLC22A4;ABCB1;SLC22A7;SLC22A1;SLCO1A2;SLC22A3;SLC22A8	NR3C2;AR;ESR1	CYP2C9;CYP1A1;CYP11A1;CYP1B1;CYP2C8;CYP2A13;CYP19A1;CYP2B6;MAOA;CYP2C19;CYP3A43;CYP3A7;CYP3A4;CYP3A5	SHBG;ALB
DB00625	Efavirenz		pol	CYP2C9;CYP2C8;CYP1A2;CYP2D6;CYP2B6;CYP2C19;CYP3A4	ALB
DB00627	Niacin	SLC16A1;SLC22A5;SLC5A8;SLC16A3;SLCO2B1	HCAR3;HCAR2;NNMT;QPRT	CYP2D6	
DB00628	Clorazepate		TSPO;GABRA1	CYP3A4	
DB00629	Guanabenz		ADRA2A;ADRA2B	CYP1A2	
DB00633	Dexmedetomidine		ADRA2A	CYP1A1;CYP1A2;CYP2D6;CYP2E1	
DB00635	Prednisone	ABCB1;SLCO1A2	NR3C1;HSD11B1	CYP3A4;CYP2C19	ALB
DB00636	Clofibrate		PPARA	CYP1A1;CYP4A11;CYP2B6;GSTA2;CYP2E1;CYP3A4;CYP2A6	
DB00637	Astemizole	ABCB1	KCNH2;KCNH1;MAPT;HRH1	CYP2J2;CYP3A7;CYP3A4;CYP3A5;CYP2D6	
DB00640	Adenosine	SLC28A3	ADORA1;ADORA2A;ADORA2B;ADORA3	ADK;ADA	
DB00641	Simvastatin	SLCO1B1;ABCB1;ABCC2;SLCO1A2	ITGB2;ITGAL;HMGCR	CYP2C9;CYP2C8;CYP2D6;UGT2B7;CYP2B6;CYP2C19;CYP3A7;CYP3A4;CYP3A5;UGT1A1;UGT1A3	
DB00643	Mebendazole	ABCB1	TUBB4B;TUBA1A	CYP1A1;CYP3A4	
DB00644	Gonadorelin		GNRHR;GNRHR2		
DB00647	Dextropropoxyphene		OPRK1;CES1;OPRM1;OPRD1	CYP2C9;CYP2C8;CYP3A4;CYP2D6;CYP3A7	
DB00648	Mitotane		CYP11B1;FDX1;PGR;AR;ESR1	CYP3A4	SHBG;SERPINA6
DB00649	Stavudine	SLC22A6;SLC28A1	pol		ALB
DB00651	Dyphylline		ADORA2A;ADORA1;PDE7A;PDE7B;PDE4A;PDE4B;PDE4C;PDE4D		
DB00652	Pentazocine		OPRK1;OPRM1;SIGMAR1		
DB00654	Latanoprost	SLC22A1;SLCO2B1	PTGFR		
DB00655	Estrone	SLCO1B1;ABCB1;ABCG2;SLCO1A2;SLCO2B1	SHBG;CYP19A1;AR;ESR2;ESR1	CYP2C9;CYP1A1;CYP1A2;CYP1B1;CYP2B6;CYP2E1;CYP4A11;CYP3A4;CYP3A5	ALB
DB00656	Trazodone	ABCB1	ADRA1A;SLC6A4;ADRA2A;HTR2A;HTR2C;HRH1;HTR1A	CYP3A7;CYP3A4;CYP3A5;CYP2D6	ORM1
DB00661	Verapamil	SLCO1B1;ABCG2;ABCB11;SLC22A4;SLC22A5;ABCB1;SLC22A1;SLCO1A2;ABCC4;ABCC2;ABCC1;ABCC10;ABCC3	ADRA1A;CACNA1I;KCNJ11;SCN5A;ADRA1D;KCNH2;CACNB3;CACNB2;CACNB1;CACNA1C;CACNA1D;CACNA1F;CACNB4;ADRA1B;CACNA1A;SLC6A4;CACNA1S;CACNA1B;CACNA1G	CYP2C9;CYP2C8;CYP1A2;CYP2D6;CYP2B6;CYP2C19;CYP2C18;CYP3A7;CYP3A4;CYP3A5	
DB00663	Flumethasone		NR3C1		SERPINA6
DB00665	Nilutamide		AR	CYP2C9;CYP2C19;POR;CYP2C8	
DB00666	Nafarelin		GNRHR;GNRHR2		
DB00668	Epinephrine	SLC22A5;SLC22A1;SLC22A2	ADRA1A;ADRA1B;ADRA1D;SOD1;ADRA2A;ADRA2B;ADRA2C;ADRB1;ADRB2;ADRB3;PAH;TNF	CYP2C9;CYP1A2;CYP3A4	
DB00669	Sumatriptan	SLCO1B1;ABCB1;ABCG2;SLCO1A2	HTR1D;HTR1F;HTR1A;HTR1B	MAOA	
DB00670	Pirenzepine		CHRM1		
DB00672	Chlorpropamide	SLC15A2;ABCB1;SLC15A1;SLC22A6	ABCC8	CYP2C9;PTGS1;CYP2C19	
DB00673	Aprepitant		TACR1	CYP2C9;CYP1A2;CYP2C19;CYP3A7;CYP3A4;CYP3A5	
DB00674	Galantamine		CHRNB2;CHRNA2;CHRNB1;CHRNB3;CHRNA3;CHRNB4;CHRNA10;CHRNA4;CHRNA5;CHRNA6;CHRNA7;BCHE;CHRNA1;CHRND;CHRNE;ACHE;CHRNA9;CHRNG	CYP3A4;CYP2D6	
DB00675	Tamoxifen	ABCB11;ABCB1;ABCG2;ABCC2	ESRRG;ESR2;KCNH2;PRKCA;ESR1;SHBG;NR1I2;AR;EBP	CYP2C9;CYP1A1;CYP1A2;FMO1;CYP1B1;UGT1A10;CYP2D6;FMO3;SULT1A1;CYP19A1;CYP2B6;CYP2E1;CYP2C8;CES1;CYP2C19;CYP2A6;CYP3A7;CYP3A4;CYP3A5	
DB00678	Losartan	ABCB1;SLC22A12;SLC22A6;SLC2A9	AGTR1	CYP2C9;CYP2C8;CYP1A2;UGT1A10;UGT2B7;UGT2B17;CYP2C19;CYP3A4;CYP3A5;UGT1A1;UGT1A3	ALB
DB00679	Thioridazine		ADRA1A;ADRA1B;KCNH2;DRD2;DRD1;HTR2A	CYP2C9;CYP2C8;CYP1A2;CYP2D6;CYP2E1;CYP2C19	
DB00682	Warfarin		NR1I2;VKORC1	CYP2C9;CYP2C8;CYP1A2;CYP1A1;CYP2C19;CYP2C18;CYP3A4	ALB;ORM1
DB00683	Midazolam	ABCB1;SLC22A1	GABRR1;GABRA6;GABRG3;GABRG2;GABRG1;GABRR3;GABRQ;GABRP;GABRD;GABRE;GABRB1;GABRA5;GABRA4;GABRB2;GABRB3;GABRA1;GABRR2;GABRA3;GABRA2	CYP2B6;CYP4B1;CYP2E1;UGT1A4;CYP3A7;CYP3A4;CYP3A5	
DB00687	Fludrocortisone		NR3C2;NR3C1;AR		
DB00688	Mycophenolate mofetil	SLCO1B1;SLCO1B3;ABCG2;ABCC2;ABCB1	IMPDH1;IMPDH2	UGT2B7;CYP3A5;UGT1A10;CYP2C8;CYP3A4;CES1;CES2;UGT1A8;UGT1A9;UGT1A6;UGT1A7;UGT1A1	ALB
DB00690	Flurazepam	ABCB1;SLC22A2	GABRR1;GABRB3;GABRG3;GABRG2;GABRG1;GABRR3;GABRQ;GABRP;GABRD;GABRE;GABRB1;GABRA5;GABRA4;GABRB2;GABRA6;GABRA1;GABRR2;GABRA3;GABRA2	CYP3A4;CYP2A6;CYP2E1	
DB00692	Phentolamine		ADRA1A;ADRA1B;ADRA2A;ADRA1D		
DB00694	Daunorubicin	ABCG2;ABCB11;ABCB1;ABCC10;SLC22A2;ABCC6;ABCC1;ABCC2	TOP2B;TOP2A	CYP1A1;CYP1A2;CYP1B1;POR;XDH;CYP3A4;CYP3A5	
DB00695	Furosemide	SLCO2A1;SLC22A11;SLC22A5;SLC22A6;SLC22A8;ABCC2	CA2;SLC12A1	PGD	ALB
DB00696	Ergotamine	ABCB1	ADRA1A;SLC6A2;ADRA1B;ADRA1D;DRD2;ADRA2A;ADRA2B;DRD1;HTR2A;HTR2C;HTR2B;HTR1D;HTR1F;HTR1A;HTR1B	CYP3A4;CYP1A2	
DB00697	Tizanidine		NISCH;ADRA2A;ADRA2B;ADRA2C	CYP1A2	
DB00699	Nicergoline		ADRA1A	CYP2D6	
DB00700	Eplerenone		NR3C2	CYP3A7;CYP3A4;CYP3A5;CYP11B2	
DB00701	Amprenavir	ABCB1;ABCC1	pol	CYP2C9;CYP2C8;CYP2D6;CYP2B6;CYP2C19;CYP3A4;CYP3A5	
DB00703	Methazolamide	SLC22A6	CA3;CA2;CA1;CA7;CA4	CYP2C9;CYP3A4;CYP2C19;CYP2E1;CYP2D6	
DB00704	Naltrexone	ABCB1	OPRK1;OPRM1;OPRD1;SIGMAR1	UGT1A1	
DB00705	Delavirdine		pol	CYP2C9;CYP2C8;CYP1A2;CYP2D6;CYP2C19;CYP3A7;CYP3A4;CYP3A5	
DB00706	Tamsulosin		ADRA1A;ADRA1B;ADRA1D	CYP3A4;CYP2D6	ORM1
DB00708	Sufentanil		OPRK1;OPRM1;OPRD1	CYP3A4	
DB00709	Lamivudine	ABCG2;ABCB1;SLC22A6;SLC22A1;SLC22A2;SLC22A3;ABCC4;ABCC1;ABCC2;ABCC3	P;pol	PCYT1A;DCK;NME2;CMPK1;NT5C;PCYT2;PGK1;NME1	ALB
DB00711	Diethylcarbamazine		ALOX5;PTGS1	BCHE	
DB00712	Flurbiprofen	ABCC4;SLC22A6	PTGS2;PTGS1	CYP2C9;UGT2B7;UGT2B4;UGT1A9;UGT1A1;UGT1A3	ALB
DB00714	Apomorphine		CALY;DRD4;DRD5;DRD2;DRD3;ADRA2B;ADRA2C;ADRA2A;HTR2A;HTR2C;HTR2B;HTR1D;DRD1;HTR1A;HTR1B	CYP1A2	
DB00715	Paroxetine	ABCB1	SLC6A2;SLC6A4;CHRM5;CHRM4;CHRM3;CHRM2;CHRM1;HTR2A	CYP2C9;CYP2C8;CYP1A2;CYP2B6;CYP2D6	
DB00717	Norethisterone	ABCB1	PGR	CYP3A7;CYP3A4;CYP3A5;CYP2C19	SHBG;ALB
DB00718	Adefovir Dipivoxil	ABCC4;ABCC5;SLC22A6;SLC22A8;SLC22A3	P	AK2;NME1;NME2;AK4	
DB00719	Azatadine		HRH1	CYP3A4	
DB00720	Clodronic Acid		SLC25A6;SLC25A5;SLC25A4	PTGS2	
DB00721	Procaine		SLC6A3;KCNMA1;SCN10A;GRIN3A;MAOA;CHRNA2;HTR3A	BCHE	
DB00723	Methoxamine		ADRA1A;ADRA1B;ADRA1D		
DB00724	Imiquimod		TLR8;TLR7	CYP1A2;CYP3A4	
DB00725	Homatropine Methylbromide		CHRM5;CHRM4;CHRM3;CHRM2;CHRM1		
DB00726	Trimipramine	ABCB1	SLC6A3;SLC6A2;ADRA1B;Htr2c;SLC6A4;ADRA1A;HTR3A;DRD2;ADRA2A;ADRA2B;DRD1;ADRB1;HTR2A;CHRM1;HTR2C;HRH1;HTR1D;HTR1A	CYP2C9;CYP3A4;CYP2C19;CYP2D6	
DB00728	Rocuronium	SLC22A1;SLCO1A2	CHRM2;CHRNA2;HTR3A		
DB00729	Diphemanil Methylsulfate		CHRM3		
DB00730	Thiabendazole		frdA	CYP1A1;CYP1A2	
DB00731	Nateglinide	ABCC4;SLC16A1;SLC15A2;SLC15A1;SLC22A6	PPARG;ABCC8	CYP2C9;PTGS1;CYP2D6;UGT1A9;CYP3A7;CYP3A4;CYP3A5	ALB;ORM1
DB00734	Risperidone		ADRA1A;ADRA1B;DRD1;DRD4;DRD2;DRD3;ADRA2B;ADRA2A;HTR7;HTR2A;HTR2C;HRH1;HTR1D;ADRA2C;HTR1A	CYP3A7;CYP3A4;CYP3A5;CYP2D6	
DB00737	Meclizine		NR1I3;HRH1	CYP1A2	
DB00740	Riluzole	ABCG2	SCN5A;SLC7A11	CYP1A1;CYP1A2	
DB00741	Hydrocortisone	ABCB1;ABCG2;SLCO1A2	ANXA1;NR3C1;HSD11B2;HSD3B1	CYP2C8;CYP11B2;CYP3A7;CYP3A4;CYP3A5;CYP11B1	SHBG;SERPINA6
DB00744	Zileuton		ALOX5	CYP2C9;CYP1A2;PTGS1;CYP3A4;UGT1A9	ALB
DB00745	Modafinil		SLC6A3;ADRA1B	CYP2C9;CYP1A2;CYP2B6;CYP2C19;CYP3A4;CYP3A5	
DB00747	Scopolamine	ABCB1	CHRNB2;CHRM5;CHRM4;CHRM3;CHRM2;CHRM1;CHRNA4;SI		
DB00748	Carbinoxamine		HRH1	CYP2C9;CYP2C8;CYP2D6;CYP2B6;CYP2E1;CYP2C19;CYP3A4	
DB00749	Etodolac	SLC22A6	PTGS2;PTGS1;RXRA	CYP2C9;UGT2B7;UGT1A9;UGT1A10;UGT1A3	ALB
DB00751	Epinastine	ABCB1	ADRA1A;ADRA2A;HTR7;HTR2A;HRH1;HRH2	CYP3A4;CYP2B6;CYP2D6	
DB00752	Tranylcypromine		MAOB;MAOA	CYP2C9;CYP1A2;CYP2D6;CYP2E1;CYP2C19;CYP2A6;CYP3A4	
DB00753	Isoflurane		ATP5D;CALM1;GLRA1;GRIA1;ATP2C1;GABRA1;KCNA1	MT-ND1;CYP2B6;CYP2E1	ALB
DB00755	Tretinoin	CRABP1;CRABP2	RARA;RARB;LCN1;RARG;OBP2A;NR0B1;RXRG;RXRA;RXRB;RARRES1;CYP26B1;RBP4;PDK4;HPGDS;CYP26C1;GPRC5A;ALDH1A1;ALDH1A2;CYP26A1	CYP2C9;CYP2C8;CYP4A11;CYP1A1;CYP2B6;CYP2A6;CYP3A7;CYP3A4;CYP3A5;CYP2C18	ALB
DB00757	Dolasetron		HTR3A	CYP2C9;CYP3A4;CYP2D6	
DB00758	Clopidogrel	ABCB1	P2RY12	CYP2C9;CYP2C8;CYP1A2;CYP2B6;CES1;CYP2C19;CYP3A4;CYP3A5	
DB00759	Tetracycline	SLC22A6;SLC22A7;SLC22A8;SLC22A11	rpsG;rpsC;mdfA;rpsN;PRNP;rpsH;rpsS;PADI4	CYP3A4	ALB
DB00762	Irinotecan	ABCG2;SLCO1B1;ABCB1;SLC22A3;ABCC1;ABCC2	TOP1MT;TOP1	CYP2B6;CES1;CES2;BCHE;UGT1A9;CYP3A7;CYP3A4;CYP3A5;UGT1A1	ALB
DB00763	Methimazole		TPO	CYP2C9;CYP1A2;CYP2D6;CYP2B6;CYP2E1;CYP2C19;CYP2A6;CYP3A4	
DB00764	Mometasone		NR3C1;PGR	CYP2C8	
DB00768	Olopatadine		S100A12;HRH1;S100A13;S100A2;S100A1;S100B	CYP3A4	
DB00769	Hydrocortamate		NR3C1	CYP3A4	
DB00770	Alprostadil	ABCC4;ABCC5;SLCO3A1;SLCO2A1;SLCO2B1	PTGDR2;PTGER1;PTGER2		
DB00771	Clidinium		CHRM1		
DB00772	Malathion		BCHE	CYP1A2;CYP2B6	
DB00773	Etoposide	ABCG2;ABCB1;ABCC10;ABCC6;ABCC1;ABCC2;ABCC3	TOP2B;TOP2A	CYP2C8;CYP1A2;GSTT1;PTGS2;PTGS1;CYP2E1;GSTP1;CYP3A4;CYP3A5;UGT1A1	
DB00776	Oxcarbazepine		SCN5A	CYP3A4;CYP3A5;CYP2C19	ALB
DB00777	Propiomazine		ADRA1A;ADRA1B;ADRA1D;CHRM3;DRD4;CHRM4;DRD2;CHRM2;CHRM1;DRD1;HTR2A;HTR2C;HRH1;CHRM5		
DB00778	Roxithromycin		ABCB1;rplJ	CYP3A4;CYP2B6;CYP1A2	
DB00782	Propantheline		CHRM1		
DB00783	Estradiol	ABCG2;SLC22A2;SLCO4A1;SLC22A3;SLCO1B3;SLC22A11;SLCO1B1;ABCB1;SLC22A1;SLCO1A2;SLCO2B1;SLC22A8;ABCC10;SLCO1C1	NCOA2;GPER1;ESRRG;ESR2;ESR1;CHRNA4;NR1I2;BECN1;MT-ATP6;HSD17B2	CYP2C9;CYP1A1;CYP1A2;CYP1B1;CYP2C8;CYP2C19;CYP3A7;CYP3A4;CYP3A5;UGT1A1	SHBG;FABP2;ALB
DB00784	Mefenamic acid		PTGS2;PTGS1	CYP2C9;CYP2C8	ALB
DB00785	Cryptenamine		CHRM5;CHRM4;CHRM3;CHRM2;CHRM1		
DB00788	Naproxen	SLC22A6;SLCO1A2	PTGS2;PTGS1;pab	CYP2C9;CYP2C8;CYP1A2;UGT1A1;UGT2B7	ALB
DB00790	Perindopril	SLC15A2;ABCB1;SLC15A1	SFRP4;ACE	BCHE	
DB00792	Tripelennamine		HRH1	CYP2D6	
DB00795	Sulfasalazine	ABCG2;ABCC2;SLC46A1	PTGS2;PTGS1;TBXAS1;ACAT1;ALOX5;CHUK;SLC7A11;IKBKB;PPARG;PLA2G1B	CYP3A5	
DB00796	Candesartan cilexetil	ABCB1	AGTR1	CYP2C9;CYP2C8;PTGS1;UGT1A3	
DB00797	Tolazoline		ADRA1A;ADRA2A;ADRA2B;ADRA2C;HRH2;HRH1		
DB00798	Gentamicin	SLC22A6	LRP2;DHFR;rpsL;nadE		
DB00800	Fenoldopam		ADRA1A;ADRA1B;ADRA1D;DRD5;ADRA2A;ADRA2B;ADRA2C;DRD1		
DB00802	Alfentanil	ABCB1	OPRM1	CYP3A7;CYP3A4;CYP3A5	ALB;ORM1
DB00804	Dicyclomine		CHRM2;CHRM1	CYP1A1	
DB00805	Minaprine		SLC6A4;DRD2;CHRM1;DRD1;MAOA;HTR2A;HTR2C;HTR2B;ACHE	CYP2D6	
DB00806	Pentoxifylline		ADORA2A;ADORA1;NT5E;PDE4A;PDE4B;PDE5A	CYP1A2	
DB00808	Indapamide		KCNE1;KCNQ1	CYP3A4	
DB00809	Tropicamide		CHRM4;CHRM3;CHRM2;CHRM1		
DB00810	Biperiden	ABCB1	CHRNA2;CHRM1	CYP2D6	
DB00812	Phenylbutazone	SLC22A6;SLC22A8;SLC22A11	PTGS2;PTGS1;PTGIS	CYP2C9;CYP3A4	
DB00813	Fentanyl	ABCB1	OPRK1;OPRM1;OPRD1	CYP3A7;CYP3A4;CYP3A5	
DB00814	Meloxicam	ABCC4	PTGS2;PTGS1	CYP2C9;CYP2C8;CYP3A4;PGD	
DB00818	Propofol		SCN4A;GABRB2;GABRB3;GABRA1;SCN2A	CYP2C9;CYP1A1;CYP1A2;FAAH;CYP2D6;CYP2C8;CYP2B6;CYP2E1;CYP2C19;UGT1A8;UGT1A9;CYP1B1;CYP3A4;CYP2C18;UGT1A1;UGT1A6;CYP2A6	ALB
DB00819	Acetazolamide	SLC22A6	AQP1;CA3;CA2;CA1;CA14;CA7;CA12;CA4	CYP3A4	
DB00820	Tadalafil		PDE11A;PDE5A	CYP3A4	
DB00821	Carprofen	SLC22A6	PTGS2;PTGS1		
DB00822	Disulfiram		DBH;ALDH2	CYP2C9;CYP1A2;CYP2D6;CYP2E1;CYP3A4;CYP3A5	
DB00823	Ethynodiol diacetate		PGR;ESR1		
DB00825	Menthol		OPRK1;TRPA1;TRPM8;TRPV3		
DB00827	Cinoxacin	SLC22A6	gyrA		
DB00829	Diazepam	ABCB1	GABRR1;GABRG3;GABRG2;GABRG1;GABRR3;GABRQ;GABRP;GABRE;TSPO;GABRD;GABRA5;GABRB1;GABRB2;GABRB3;GABRA1;GABRR2;GABRA3;GABRA2	CYP2C9;CYP2C8;CYP1A2;CYP2B6;PTGS1;CYP2E1;CYP2C19;CYP2C18;CYP3A7;CYP3A4;CYP3A5	ALB
DB00830	Phenmetrazine		SLC6A3;SLC6A2		
DB00831	Trifluoperazine	ABCB1	ADRA1A;CALY;CALM1;DRD2;TNNC1;S100A4	UGT1A4;CYP1A2;XDH	
DB00834	Mifepristone	ABCB1;ABCC1	NR1I2;NR3C1;KLK3;PGR	CYP3A7;CYP3A4;CYP3A5;CYP1A2;CYP2D6	
DB00835	Brompheniramine		CHRM5;CHRM4;CHRM3;CHRM2;CHRM1;HRH1	CYP2C9;CYP2C8;CYP2D6;CYP2B6;CYP2E1;CYP2C19;CYP3A4	
DB00836	Loperamide	ABCB1	CALM1;CACNA1A;NR1I3;OPRM1;OPRD1;POMC;OPRK1	CYP2C8;CYP3A4;CYP2B6;CYP2D6	
DB00838	Clocortolone		NR3C1		
DB00842	Oxazepam		GABRR1;GABRB3;GABRG3;GABRG2;GABRG1;GABRR3;GABRQ;GABRP;GABRD;GABRE;GABRB1;GABRA5;GABRA4;GABRB2;GABRA6;GABRA1;GABRR2;GABRA3;GABRA2	CYP3A43;UGT2B7;UGT2B15;UGT1A9;CYP3A7;CYP3A4;CYP3A5	
DB00843	Donepezil		ACHE;HTR2A	CYP2C9;CYP3A4;CYP2D6	
DB00844	Nalbuphine		OPRK1;OPRM1;OPRD1		
DB00845	Clofazimine	ABCB11;ABCB1	ABCB11	CYP3A4	
DB00846	Flurandrenolide		NR3C1		SERPINA6
DB00848	Levamisole		lev-1;unc-29;unc-38;unc-63;CHRNA3;ALPPL2		
DB00850	Perphenazine		CALM1;DRD2;DRD1	CYP2C9;CYP2C8;CYP1A2;CYP2D6;CYP2B6;CYP2C19;CYP2C18;CYP3A4	
DB00852	Pseudoephedrine		SLC6A3;SLC6A2;SLC6A4;ADRA1A;ADRA2A;ADRB1;ADRB2;TNF;IL2;NFATC1;ATF1	MAOA;CYP2D6	
DB00854	Levorphanol		OPRK1;OPRM1;OPRD1		
DB00857	Terbinafine		SQLE	CYP2C9;CYP2C8;CYP1A2;CYP11A1;CYP2D6;CYP19A1;PTGS1;CYP2C19;CYP3A4	
DB00858	Drostanolone		AR	CYP19A1	SHBG
DB00860	Prednisolone	ABCB1;SLCO1A2	NR3C1	CYP3A4;CYP2A6	SERPINA6
DB00861	Diflunisal	SLC22A6	PTGS2;PTGS1	UGT1A8	TTR;ALB
DB00862	Vardenafil		PDE6H;PDE6G;PDE5A	CYP3A4;CYP3A5	
DB00863	Ranitidine	ABCB1;SLC22A8;SLC22A1	ACHE;BCHE;HRH2	CYP1A2;CYP3A5;CYP2C19;CYP3A4;CYP2D6	
DB00864	Tacrolimus	ABCB1;ABCA5	FKBP1A	CYP3A7;CYP3A4;CYP3A5	ALB;ORM1
DB00865	Benzphetamine		ADRA1A;SLC18A2;ADRA2A;SLC6A3	POR;CYP3A4;CYP2B6	
DB00866	Alprenolol		ADRB1;ADRB2;ADRB3;HTR1A	CYP2D6	
DB00869	Dorzolamide		CA3;CA2;CA1;CA4	CYP2C9;CYP3A4	
DB00870	Suprofen		PTGS2;PTGS1	CYP2C9;UGT2B7;UGT1A1	
DB00872	Conivaptan		AVPR2;AVPR1A	CYP3A4	
DB00873	Loteprednol		NR3C1		
DB00875	Flupentixol	ABCB1	ADRA1A;HTR2A;DRD2;CHRM1;DRD1	DDC	
DB00876	Eprosartan	ABCC2	AGTR1	CYP2C9	
DB00877	Sirolimus	SLCO1B1;ABCB1;SLC47A1	MTOR;FGF2;FKBP1A	CYP3A7;CYP3A4;CYP3A5	
DB00880	Chlorothiazide	SLC22A6	CA2;CA1;SLC12A3;CA4		
DB00882	Clomifene	ABCB1	SHBG;ESR1	CYP1A1;CYP1A2;CYP11A1;CYP19A1;CYP2E1;CYP2A6;CYP3A4	
DB00883	Isosorbide Dinitrate		NPR1	CYP3A4;CYP2E1	
DB00884	Risedronate		FDPS	PTGS2	
DB00887	Bumetanide	SLC10A1;SLC22A11;SLC22A6;SLC22A7;SLCO1A2;SLC22A8	SLC12A5;SLC12A4;SLC12A1;CFTR;SLC12A2	PTGS2	
DB00889	Granisetron		HTR3A	CYP1A1;CYP3A4;CYP3A5;CYP2D6	
DB00890	Dienestrol		SHBG;ESR1		
DB00891	Sulfapyridine		sulI	CYP2C9	
DB00894	Testolactone		CYP19A1		
DB00896	Rimexolone		NR3C1		SERPINA6
DB00897	Triazolam		GABRR1;GABRB3;GABRG3;GABRG2;GABRG1;GABRR3;GABRQ;GABRP;GABRD;GABRE;TSPO;GABRB1;GABRA5;GABRA4;GABRB2;GABRA6;GABRA1;GABRR2;GABRA3;GABRA2	CYP2C9;CYP3A7;CYP3A4;CYP3A5;CYP2C8	
DB00898	Ethanol		CHRNB2;GRIA2;GRIA3;GABRG1;GRIA1;CHRNA10;SLC29A2;SLC29A1;L1CAM;GABRA5;GABRA4;GABRA6;GABRA1;KCNJ9;GABRA3;GABRA2;CACNB1;CACNA1C;CACNA1D;CHRNB4;GRIN3A;GABRG3;CACNA1S;CHRNA4;CHRNA5;CHRNA6;CHRNA7;GRIA4;CHRNA2;CHRNA3;GABRB1;GABRB2;GABRB3;CHRNA9;KCNJ3;KCNJ6;KCNJ5;GLRA2;GLRA1;GABRQ;GABRP;HTR3D;HTR3E;HTR3B;HTR3C;HTR3A;GABRE;CACNG1;CACNG2;GABRD;CHRNB3;VCAM1	CYP2C9;CYP1A1;CYP1A2;CYP4A11;ADH6;ADH5;ADH4;CYP2B6;CYP2E1;AKR1A1;CYP2C19;ADH1B;ADH1A;ADH1C;CYP3A4;ADH7	
DB00899	Remifentanil		OPRK1;OPRM1;OPRD1		
DB00900	Didanosine	SLC22A6;SLC29A2;SLC29A1	PNP;pol		ALB
DB00902	Methdilazine		HRH1		
DB00903	Etacrynic acid	SLC22A6	LEF1;SLC12A1;GSTP1;ATP1A1	GSTA2	ALB
DB00904	Ondansetron		HTR4;HTR1A;OPRM1;HTR1B;HTR3A	CYP2C9;CYP1A2;CYP2D6;CYP2E1;CYP3A7;CYP3A4;CYP3A5	
DB00906	Tiagabine		SLC6A1	CYP3A4	
DB00907	Cocaine	SLC22A2	SLC6A3;SLC6A2;SCN11A;SLC6A4;CHRM2;SCN10A;CES1;CHRM1;SCN5A;SIGMAR1	CYP2C9;CYP2C8;CYP2D6;CYP3A7;CYP3A4;CYP3A5	
DB00908	Quinidine	SLCO1B1;SLC22A2;ABCB1;SLC22A4;SLC22A5;ABCB11;SLC22A1;SLCO1A2;SLC22A8;ABCC2	ADRA1A;ADRA1B;ADRA1D;KCNH2;KCNK6;KCNK1;SCN5A	CYP2C9;CYP1A1;CYP1A2;CYP2D6;CYP2C8;CYP2B6;CYP2E1;CYP3A7;CYP3A4	ORM1
DB00909	Zonisamide		CA5B;SCN9A;CACNA1H;CACNA1I;CACNA1G;SCN2B;SCN2A;SCN4A;SCN4B;SCN11A;CA5A;CA14;CA13;CA12;CA11;CA10;CA9;CA8;CA3;CA2;CA1;CA7;CA6;CA4;MAOB;MAOA;SCN1B;SCN1A;SCN5A;SCN3A;SCN3B	AOX1;CYP3A4;CYP2C19	
DB00912	Repaglinide	SLCO1B1	PPARG;ABCC8	CYP2C8;CYP3A4	ALB
DB00913	Anileridine		OPRM1		
DB00914	Phenformin	SLC22A1;SLC22A2	KCNJ8;PRKAA1	CYP2D6	
DB00915	Amantadine	ABCB1;SLC22A1;SLC22A2	GRIN3A;DRD2;M	DDC;MAOB	
DB00916	Metronidazole		CYP51A1;rdxA	CYP2C9;CYP2C8;CYP3A4	
DB00917	Dinoprostone	SLCO3A1;SLCO1A2;SLCO4A1;SLC51B;SLCO2A1;SLC22A11;SLCO1B1;SLC51A;SLC22A6;SLC22A7;SLC22A1;SLC22A2;SLCO2B1;ABCC4;ABCC5;SLC22A8;SLCO1C1	PTGER4;PTGDR2;PTGER1;PTGER2;PTGER3	CYP1A2;CYP11A1;CYP19A1	
DB00918	Almotriptan		HTR1D;HTR1B	FMO3;CYP1A2;CYP2D6;CYP2C8;CYP2E1;MAOA;CYP2C19;CYP3A4	
DB00920	Ketotifen		PGD;HRH1		
DB00921	Buprenorphine	ABCB1;ABCG2	OPRK1;OPRM1;OPRD1;OPRL1	CYP2C9;CYP2C8;CYP1A2;CYP2D6;CYP2A6;CYP2C19;UGT1A9;CYP3A7;CYP3A4;CYP3A5;CYP2C18	
DB00924	Cyclobenzaprine		HTR2A	CYP1A2;CYP3A4;CYP2D6	
DB00925	Phenoxybenzamine	SLC22A1;SLC22A2;SLC22A3	ADRA1A;ADRA1B;ADRA1D;CALM1;ADRA2A;ADRA2B;ADRA2C;ADRB2	CYP3A4	
DB00927	Famotidine	SLC22A8;SLC22A2	HRH2	CYP2C19	
DB00932	Tipranavir		pol	CYP3A4;CYP2C19;CYP2D6	
DB00933	Mesoridazine		DRD2;HTR2A	CYP2D6	
DB00934	Maprotiline	ABCB1	ADRA1A;SLC6A2;DRD2;CHRM5;CHRM4;CHRM3;CHRM2;CHRM1;ADRA2A;HTR7;HTR2A;HTR2C;HRH1	CYP1A2;CYP2D6	ORM1
DB00935	Oxymetazoline		ADRA1A;ADRA1B;ADRA1D;ADRA2A;ADRA2B;ADRA2C		
DB00936	Salicylic acid	SLC16A1;ABCB1;SLC22A10;SLC22A11;SLC22A6;SLC22A7;SLCO2B1;SLC22A8	PTGS2;PTGS1;AKR1C1	CYP2C9	ALB
DB00937	Diethylpropion		SLC6A3;SLC6A2		
DB00938	Salmeterol		ADRB1;ADRB2;ADRB3	CYP3A7;CYP3A4;CYP3A5;CYP2C8	
DB00939	Meclofenamic acid	SLC22A6;SLCO1C1	PTGS2;PTGS1;KCNQ2;ALOX5;KCNQ3		
DB00940	Methantheline		HRH2;CHRM1		
DB00942	Cycrimine		CHRM1		
DB00943	Zalcitabine	SLC22A6;SLC22A7;SLC29A2;SLC29A1	pol	CYP2C9;CYP3A43;DCK;CYP2D6;CYP3A7;CYP3A4;CYP3A5	ALB
DB00945	Acetylsalicylic acid	SLC22A6;SLC22A7;ABCB1	PTGS2;PTGS1;RPS6KA3;TP53;HSPA5;NFKBIA;PRKAA1;IKBKB;EDNRA;NFKB2;AKR1C1	CYP2C9;CYP2C8;CYP2C19	ALB
DB00946	Phenprocoumon		VKORC1	CYP2C9;CYP2C8;CYP3A4	ALB;ORM1
DB00947	Fulvestrant		ESR1	CYP3A4	
DB00949	Felbamate		GRIN2B;GRIN3A;GRIN2A	CYP3A4;CYP2C19;CYP2E1	
DB00950	Fexofenadine	SLCO1B1;ABCB1;SLCO1B3;SLCO1A2;SLCO2B1	HRH1	CYP2D6	
DB00951	Isoniazid		inhA;CYP2C8;CYP1A2;CYP2C19;folA;CYP3A4;katG	CYP2C9;CYP2C8;CYP1A2;CYP2D6;NAT2;CYP2E1;CYP2C19;CYP2A6;nat;CYP3A4	ALB
DB00952	Naratriptan		HTR1D;HTR1F;HTR1A;HTR1B	MAOA	
DB00953	Rizatriptan		HTR1D;HTR1F;HTR1B	MAOA;CYP1A2	
DB00956	Hydrocodone		OPRM1;OPRD1	CYP3A4;CYP2D6	
DB00957	Norgestimate	ABCC2	AR;PGR;ESR1	CYP3A4	
DB00959	Methylprednisolone	ABCB1	NR3C1	CYP3A4	
DB00960	Pindolol		ADRB1;ADRB2;ADRB3;HTR1A;HTR1B	CYP2D6	
DB00962	Zaleplon		TSPO;GABRA1	CYP3A7;CYP3A4;CYP3A5;AOX1	
DB00963	Bromfenac		PTGS2;PTGS1	PTGS2	
DB00964	Apraclonidine		ADRA1A;ADRA2A;ADRA2B		
DB00966	Telmisartan	ABCB1;ABCG2;ABCC2	PPARG;AGTR1	CYP2C19	
DB00967	Desloratadine	ABCB1	HRH1	CYP2C9;CYP1A2;CYP2C19;CYP2D6	
DB00969	Alosetron		HTR3A	CYP2C9;CYP3A4;CYP1A2;CYP2E1	
DB00970	Dactinomycin	SLC22A5;ABCB1;ABCG2;ABCC6;ABCC1	TOP2A		
DB00972	Azelastine	ABCB1	HRH1	CYP2C9;CYP1A1;CYP1A2;CYP2D6;CYP2C8;CYP2B6;CYP2E1;CYP2C19;CYP2A6;CYP3A4;CYP3A5	
DB00973	Ezetimibe	ABCG2;ABCG5;ABCG8;SLCO1B1;ABCB1;ABCC2;ABCC3	SOAT1;NPC1L1;ANPEP	UGT2B15;CYP3A4;UGT1A1;UGT2B7;UGT1A3	
DB00975	Dipyridamole	ABCC4;ABCC5;ABCB1	ORM1;RCAN1;ADA;PDE4A;PDE10A;PDE5A		
DB00977	Ethinyl Estradiol	ABCB11;SLC10A1;ABCC2;ABCB1	SHBG;NR1I2;ESR1	CYP2C8;CYP3A4	
DB00978	Lomefloxacin	SLC22A5;ABCC2	TOP2A;parC;gyrA	CYP1A2	
DB00979	Cyclopentolate		CHRM1	BCHE	
DB00980	Ramelteon		MTNR1B;MTNR1A	CYP1A2;CYP2C19;CYP3A4	
DB00983	Formoterol		ADRB1;ADRB2;ADRB3	CYP2C9;CYP2C19;CYP2A6;CYP2D6	
DB00984	Nandrolone phenpropionate		AR	CYP19A1	
DB00985	Dimenhydrinate		HRH1		
DB00986	Glycopyrronium		CHRM3;CHRM2;CHRM1		
DB00988	Dopamine	SLC22A5;POU5F1;SLC22A1;SLC22A2;SLC22A3	SLC6A3;DBH;SOD1;SLC6A2;DRD4;DRD5;DRD2;DRD3;DRD1;HTR7;HTR3B;HTR3A;SLC6A4;SLC18A2;HTR1A	CYP2C9;DBH;CYP1A2;CYP2D6;COMT;MAOB;MAOA;CYP2C19	
DB00989	Rivastigmine		ACHE;BCHE	CYP3A4;CYP2D6	
DB00990	Exemestane		CYP19A1	CYP3A4;CYP19A1	
DB00991	Oxaprozin		PTGS2;PTGS1	CYP2C9	
DB00996	Gabapentin		ADORA1;CACNA1B;CACNA2D2;GABBR1;GRIN1;CACNA2D1;GABBR2	BCAT1	
DB00997	Doxorubicin	ABCG2;RALBP1;SLC22A16;ABCB11;ABCB1;ABCC2;ABCC6;ABCB8;ABCC1;ABCC10;ABCC3	NOLC1;TOP2A	NOS1;NOS2;NOS3;CYP1B1;CYP2D6;CYP2B6;POR;CBR1;CBR3;NQO1;NDUFS2;AKR1A1;NDUFS3;NDUFS7;CYP3A4;XDH;AKR1C3	ALB
DB00998	Frovatriptan		HTR1D;HTR1B	CYP1A2	
DB00999	Hydrochlorothiazide	SLC22A6	CA9;CA2;CA1;CA12;CA4;KCNMA1;SLC12A3		
DB01001	Salbutamol		ADRB1;ADRB2;ADRB3	CYP3A4	
DB01002	Levobupivacaine		SCN10A	CYP3A4;CYP1A2	
DB01004	Ganciclovir	SLC22A6;SLC22A7;SLC22A8;SLC22A1	TK		
DB01005	Hydroxyurea		RRM1	CYP2D6	
DB01006	Letrozole		CYP19A1	CYP3A4;CYP19A1;CYP2A6	
DB01007	Tioconazole		CYP51A1;ERG11	CYP2C9;CYP2C8;CYP1A2;CYP2D6;CYP19A1;CYP2E1;CYP2C19;CYP3A4	
DB01009	Ketoprofen	SLC22A11;SLC22A6;SLC22A7;SLCO1A2;ABCC4;SLC22A8	PTGS2;PTGS1;CXCR1	CYP2C9;CYP2C8	ALB
DB01012	Cinacalcet		CASR	CYP3A4;CYP1A2;CYP2D6	
DB01013	Clobetasol propionate		NR3C1	CYP1A1;CYP1A2	
DB01014	Balsalazide		PPARG;PTGS1;ALOX5;PTGS2	azr	
DB01015	Sulfamethoxazole		GSTP1;folP;folC	CYP2C9;CYP2C8;PTGS1;NAT2;NAT1;UGT1A9;CYP3A4	ALB
DB01016	Glyburide	ABCG2;SLC22A6;ABCB1;ABCB11;SLC22A7;SLCO1A2;SLCO2B1;SLC15A2;SLC15A1;ABCC1;ABCC2;ABCC3	CPT1A;KCNJ11;KCNJ5;ABCB11;ABCC8;ABCC9;ABCA1;CFTR	CYP2C9;CYP3A4;CYP2C19	ALB
DB01017	Minocycline	SLC22A6;SLC22A7;SLC22A8;SLC22A11	rpsD;CASP3;CASP1;ALOX5;rpsI;VEGFA;CYCS;MMP9;IL1B		
DB01018	Guanfacine		ADRA2A;ADRA2B	CYP2C9;CYP3A4;CYP2C19	
DB01019	Bethanechol		CHRM4;CHRM3;CHRM2;CHRM1		
DB01020	Isosorbide Mononitrate		GUCY1A2	CYP3A4	
DB01023	Felodipine	ABCB1	CACNA1H;NR3C2;CACNA1S;CALM1;CACNB2;PDE1A;CACNA1C;CACNA1D;TNNC1;TNNC2;PDE1B;CACNA2D2;CACNA2D1	CYP2C9;CYP2C8;CYP2D6;CYP3A7;CYP3A4;CYP3A5	
DB01026	Ketoconazole	ABCB11;ABCB1;SLCO1A2	KCNH2;CYP21A2;CYP19A1;NR1I3;NR1I2;AR;ERG11	CYP2C9;CYP2C8;CYP1A2;CYP11A1;CYP1B1;CYP2D6;CYP1A1;CYP2B6;CYP2C19;CYP26A1;CYP51A1;CYP3A7;CYP3A4;CYP3A5;CYP11B1;CYP2A6	
DB01028	Methoxyflurane		MT-ND1;GLRA1;GRIA1;KCNA1;ATP2C1;GABRA1;ATP5D	CYP2C9;CYP1A2;CYP2D6;CYP2B6;CYP2E1;CYP2A6;CYP3A4	
DB01030	Topotecan	ABCG2;ABCB1	TOP1MT;TOP1	CYP3A4	
DB01032	Probenecid	SLC22A10;SLC10A1;ABCB1;ABCC11;SLCO1A2;SLCO1C1;SLC2A9;SLC16A1;SLC22A12;SLC16A7;SLC22A11;SLC22A5;SLC22A6;SLC22A7;SLC22A1;SLC22A2;ABCC4;ABCC5;ABCC6;SLC22A8;ABCC1;ABCC2;ABCC3	PANX1;SLC22A6;SLC22A8;TAS2R16;SLC22A11	CYP2C9;CYP2C8;CYP3A4;CYP2C19	ALB
DB01033	Mercaptopurine	SLC28A2;SLC28A3;SLC29A2;SLC29A1;ABCC4;ABCC5;SLC22A8	HPRT1;PPAT;IMPDH1	AOX1;TPMT;XDH	
DB01035	Procainamide	SLC22A4;SLC22A5;SLC22A1;SLC22A2;SLC22A3	DNMT1;SCN5A;KCNH2	BCHE;CYP2D6	
DB01036	Tolterodine		CHRM5;CHRM4;CHRM3;CHRM2;CHRM1	CYP2C9;CYP3A4;CYP2C19;CYP2D6	
DB01037	Selegiline	ABCB1	MAOB;MAOA	CYP2C9;CYP2C8;CYP1A2;CYP2D6;CYP2B6;CYP2E1;CYP2C19;CYP2A6;CYP3A4	
DB01039	Fenofibrate		PPARG;PPARD;NR1I2;mmp20;PPARA	CYP2C9;CYP2C8;CYP3A4	
DB01041	Thalidomide		PTGS2;ORM1;CRBN;NFKB1;FGFR2;TNF	CYP2C9;CYP1A1;PTGS1;PTGS2;CYP1A2;CYP2E1;CYP2C19;CYP3A5	
DB01043	Memantine	SLC22A2	GRIN2B;DRD2;GRIN3A;CHRNA7;HTR3A;GRIN1;GRIN2A	CYP2C19;CYP2B6;CYP2A6	
DB01045	Rifampicin	ABCB1;SLCO1B3;SLCO1B1;ABCB11;SLC22A7;SLCO1A2;SLCO2B1;ABCC5;ABCC1;ABCC2;ABCC3	SLCO1B1;NR1I2;SLCO2B1;ALB;rpoC;rpoB;SLCO1B3;SLCO1A2;CYP51A1	CYP2C9;CYP2C8;CYP1A2;CYP4A11;CYP3A43;CYP2B6;CYP2E1;CYP2C19;CYP2A6;CYP3A7;CYP3A4;CYP3A5;UGT1A1	
DB01047	Fluocinonide		SMO;NR3C1		SERPINA6
DB01049	Ergoloid mesylate		ADRA1A;DRD2;ADRA2A;DRD1;SLCO2B1;GABRA1;HTR1A	CYP3A4	
DB01050	Ibuprofen	ABCB1;SLC22A11;SLC22A6;SLCO1A2;SLCO2B1;ABCC4;SLC22A8;ABCC1	PTGS2;PTGS1;PLAT;PPARG;FABP2;PPARA;THBD;SLC15A1;CFTR;BCL2	CYP2C9;CYP2C8;UGT2B4;PTGS2;UGT2B7;PTGS1;CYP2C19;UGT1A9;UGT1A1;UGT1A3	ALB
DB01051	Novobiocin	ABCG2;ABCB11;SLC22A8;SLC22A6;SLC22A11	gyrB;topA		
DB01053	Benzylpenicillin	SLCO1B1;SLCO3A1;SLCO4A1;SLC22A11;SLC22A4;SLC22A5;SLC22A6;SLCO2B1;SLC15A2;SLC15A1;SLC22A8	SLC15A2;SLC22A8;SLC15A1;bla;pbp3		
DB01054	Nitrendipine	ABCB1	CACNA1H;CACNA1S;CACNB2;CACNA1C;CACNA1D;CACNA2D2;CACNG1;CACNA2D1	CYP3A7;CYP3A4;CYP3A5	
DB01055	Mimosine		CCL2;TYR;SHMT1		
DB01056	Tocainide		SCN5A	CYP1A2	ALB
DB01059	Norfloxacin	SLC22A5;SLC22A6	TOP2A;parC;gyrA	CYP1A1;CYP1A2;CYP2A6;CYP3A7;CYP3A4;CYP3A5	
DB01060	Amoxicillin	SLC15A2;SLC22A6;SLC15A1	pbpA	CYP2C19	
DB01062	Oxybutynin		CHRM3;CHRM2;CHRM1	CYP2C8;CYP3A4;CYP3A5;CYP2D6	
DB01064	Isoprenaline		SOD1;ADRB1;ADRB2;ADRB3;PIK3R3;PIK3R2;PIK3R1;MAPK1;PDE4	CYP1A1	
DB01065	Melatonin	SLC22A8	EPX;CALM1;MPO;CALR;ESR1;NQO2;RORB;ASMT;MTNR1B;MTNR1A	CYP2C9;CYP1A1;CYP1A2;IDO1;CYP1B1;ASMT;MPO;CYP19A1;CYP2C19	
DB01067	Glipizide		PPARG;ABCC8	CYP2C9;CYP3A4	
DB01068	Clonazepam		TSPO;GABRA1;NR1I2	NAT2;CYP3A4;CYP2E1	ALB
DB01069	Promethazine	ABCB1	ADRA1A;CALM1;DRD2;CHRM5;CHRM4;CHRM3;CHRM2;CHRM1;HTR2A;HRH1;HRH2	CYP2C9;CYP2B6;CYP2D6	
DB01071	Mequitazine		HRH1	CYP3A4;CYP2D6	
DB01072	Atazanavir	ABCB1;ABCC1	pol	CYP2C9;CYP3A4;CYP1A2	ALB
DB01074	Perhexiline		CPT1A;CPT2;KCNH2	CYP3A4;CYP2B6;CYP2D6	
DB01075	Diphenhydramine	SLC22A5;SLC22A1;SLC22A2	CHRM2;HRH1	CYP2C9;CYP1A2;CYP2D6;CYP2B6;PTGS1;CYP2C19;CYP2C18	
DB01076	Atorvastatin	SLCO1B3;SLCO1B1;ABCB1;SLCO1A2;SLCO2B1;ABCC4;ABCC5;ABCC1;ABCC2	AHR;DPP4;HMGCR	CYP2C9;CYP2C8;CYP2D6;UGT2B7;CYP2B6;CYP2C19;CYP3A7;CYP3A4;CYP3A5;UGT1A1;UGT1A3	
DB01079	Tegaserod	SLC6A4	HTR4;HTR2A;HTR2C;HTR2B	CYP2C9;CYP2C8;CYP1A2;CYP2E1;CYP2D6	
DB01081	Diphenoxylate		OPRM1;OPRD1		
DB01082	Streptomycin	SLC22A6	rpsL;PADI4		
DB01083	Orlistat		FASN;PNLIP;LIPF	CYP3A4;PLA2G4A	
DB01084	Emedastine		HRH1		
DB01085	Pilocarpine		CHRM4;CHRM3;CHRM2;CHRM1	CYP3A4;CYP2A6;CYP2E1	
DB01086	Benzocaine	ABCB1	SCN10A	CES1	
DB01087	Primaquine		NQO2;KRT7	CYP1A1;CYP3A4;CYP1B1;CYP1A2;CYP2D6	
DB01088	Iloprost	SLCO3A1;SLCO2A1;SLCO2B1	PTGDR2;PLAT;PTGER1;PTGIR;PDE4A;PDE4B;PDE4C;PDE4D		
DB01090	Pentolinium		CHRNB4;CHRNA10;CHRNA3		
DB01092	Ouabain	SLCO1B3;SLCO1B1;SLCO4C1;SLCO1A2;SLC22A8;SLCO1C1	ATP1A3;ATP1A2;ATP1A1	CYP1A1	
DB01094	Hesperetin	ABCG2	SOAT2;SHBG;SOAT1;MTTP	CYP1A2	
DB01095	Fluvastatin	SLCO1B1;SLCO1B3;SLC15A1;ABCC2;SLCO2B1	HMGCR	CYP2C9;CYP1A1;CYP1A2;CYP2D6;CYP2C8;CYP2B6;CYP2C19;UGT2B7;CYP3A4;CYP3A5;UGT1A1;UGT1A3	
DB01097	Leflunomide	ABCG2	AHR;DHODH;PTK2B	CYP2C9;CYP1A2	
DB01098	Rosuvastatin	ABCG2;ABCB11;SLC7A11;SLCO1B1;SLCO1B3;SLCO1A2;SLCO2B1;ABCC4;ABCC1;ABCC2	HMGCR	CYP2C9;CYP3A4;CYP3A5;CYP2C19	ALB
DB01100	Pimozide	ABCB1	CALM1;DRD2;DRD3;KCNH2	CYP1A2;CYP2D6;CYP2E1;CYP2C19;CYP3A7;CYP3A4;CYP3A5	
DB01103	Quinacrine	ABCB1;SLC22A2	PLA2G6;PLA2G4A;PLCL1	CYP3A4;CYP3A5;HNMT	
DB01104	Sertraline	ABCB1	SLC6A3;PGRMC1;SLC6A4	CYP2C9;CYP1A2;CYP2D6;CYP2B;CYP2B6;MAOB;MAOA;CYP2C19;CYP3A4	ALB
DB01105	Sibutramine		SLC6A3;SLC6A2;SLC6A4	CYP3A4	
DB01106	Levocabastine		NTSR2;HRH1		
DB01107	Methyprylon		GABRA1	CYP2D6	
DB01108	Trilostane		ESR2;HSD3B1;HSD3B2;ESR1		
DB01110	Miconazole	ABCB1	KCNMB1;NOS2;NOS3;KCNMB4;KCNH2;KCNH7;KCNH6;KCNMA1;NR1I2;KCNN4;KCNMB2;KCNN3;KCNMB3;KCNN1;ERG11;KCNN2	CYP2C9;CYP1A2;CYP2D6;CYP19A1;CYP2B6;CYP2E1;CYP2C19;CYP2A6;CYP3A4;CYP11B1	
DB01114	Chlorphenamine	SLC22A1;SLC22A2	SLC6A3;SLC6A2;SLC6A4;HRH1	CYP3A7;CYP3A4;CYP3A5;CYP2D6	
DB01115	Nifedipine	ABCB1;ABCC2;ABCC3	CACNA1H;CACNA1S;CALM1;CACNB2;CACNA1C;CACNA1D;NR1I2;CACNA2D1;KCNA1	CYP2C9;CYP2C8;CYP1A2;CYP2D6;CYP1A1;CYP2B6;CYP2E1;CYP2A6;CYP3A7;CYP3A4;CYP3A5	
DB01116	Trimethaphan		CHRNA10	BCHE	
DB01117	Atovaquone		MT-CYB;DHODH	CYP2C9	
DB01118	Amiodarone	ABCB1	CACNA1H;KCNH2;PPARG;THRB;THRA;ADRB1;CACNA2D2	CYP2C9;CYP2C8;CYP1A2;CYP2D6;CYP1A1;CYP2C19;CYP2A6;CYP3A7;CYP3A4;CYP3A5	
DB01120	Gliclazide		VEGFA;ABCC8	CYP2C9;CYP2C19	ALB
DB01124	Tolbutamide	SLC15A2;SLC22A6;SLC15A1;SLCO1A2;SLCO2B1	KCNJ1;ABCC8	CYP2C9;CYP2C8;CYP2C19;CYP2C18	ALB
DB01126	Dutasteride		SRD5A2;SRD5A1	CYP3A4;CYP3A5	
DB01127	Econazole		NR1I2;ERG11	CYP3A4;CYP19A1;CYP2E1	
DB01128	Bicalutamide		AR	CYP2C9;CYP3A4;CYP2C19;CYP2D6	
DB01129	Rabeprazole	ABCG2	ATP4A	CYP2C9;CYP1A1;CYP1A2;CYP2D6;CYP2C8;CYP2C19;CYP3A4	
DB01130	Prednicarbate		NR3C1		
DB01132	Pioglitazone	SLCO1B1;SLCO1B3	PPARG;PPARD;MAOB;PPARA	CYP2C9;CYP2C8;PTGS1;CYP2D6;CYP2C19;CYP3A4	
DB01135	Doxacurium chloride		CHRM2;CHRNA2	BCHE	
DB01136	Carvedilol	ABCB1	ADRA1A;GJA1;NDUFC2;ADRA1B;ADRA1D;KCNH2;SELE;KCNJ4;ADRA2A;ADRA2B;ADRA2C;ADRB1;ADRB2;VEGFA;VCAM1;HIF1A;NPPB	CYP2C9;CYP1A1;CYP1A2;CYP2D6;PTGS1;CYP2E1;XDH;CYP3A4	
DB01137	Levofloxacin	SLC22A4;ABCB1;SLC22A6;SLC22A2	TOP2A;parC;gyrA	CYP1A2;CYP3A4	
DB01138	Sulfinpyrazone	ABCB1;ABCC4;ABCC5;ABCC6;ABCC1;ABCC2;ABCC3	NR1I2;SLC22A12;ABCC1;ABCC2	CYP2C9;CYP2C8;CYP3A4;CYP2B6	FABP2
DB01140	Cefadroxil	SLC15A2;SLC22A5;SLC22A6;SLC15A1;SLC22A8	penA;pbp3;pbp1b;pbpA		
DB01142	Doxepin	ABCB1	SLC6A2;SLC6A4;HTR2B;ADRA2A;ADRA2B;ADRA2C;HRH4;HRH2;HTR2C;HRH1;HTR2A;CHRM5;CHRM4;CHRM3;CHRM2;CHRM1;HTR6;ADRA1A;ADRA1B;ADRA1D;KCNH2;DRD2;HTR1A	CYP2C9;CYP1A2;CYP2C19;CYP3A4;CYP2D6	ORM1
DB01143	Amifostine		ENPP1;ALPPL2	ALPL	
DB01144	Diclofenamide		CA3;CA2;CA1;CA7;CA4	CYP2C9	
DB01146	Diphenylpyraline		SLC6A3;HRH1		
DB01147	Cloxacillin	SLC15A2;SLC22A6;SLC15A1	pbp2a;dacA;pbpA;pbpB;penA;ampC		ALB
DB01148	Flavoxate		CHRM2;CHRM1		
DB01149	Nefazodone	ABCB1	SLC6A3;SLC6A2;ADRA1B;SLC6A4;ADRA1A;KCNH2;ADRA2A;HTR2A;HTR2C;HTR1A	CYP1A2;CYP2D6;CYP2B;CYP3A7;CYP3A4;CYP3A5	
DB01151	Desipramine	SLC22A4;SLC22A5;ABCB1;SLC22A1;SLC22A2;SLC22A3	ADRA1A;SLC6A2;SLC6A4;DRD2;CHRM5;CHRM4;CHRM3;CHRM2;CHRM1;ADRA2A;ADRB1;ADRB2;HTR2A;HTR2C;HRH1;SMPD1;HTR1A	CYP1A2;CYP2D6;CYP2B6;CYP2E1;CYP2C19;CYP2A6;CYP3A4;CYP2C18	ORM1
DB01154	Thiamylal		KCNJ11;KCNJ8;GABRA1	CYP2C9	
DB01156	Bupropion		SLC6A3;SLC6A2;CHRNA3	CYP2C9;CYP2C8;CYP1A2;CYP2D6;CYP2B6;CYP2E1;CYP2A6;CYP3A4	ORM1
DB01159	Halothane		KCNJ3;MT-ND1;ATP2C1;KCNK9;GLRA1;KCNMA1;NPSR1;KCNK3;GRIN3A;KCNN4;GRIN2A;GRIN3B;RHO;GNG2;ATP5D;GABRA1;KCNJ6	CYP2C9;CYP2D6;CYP2B6;CYP2E1;CYP2A6;CYP3A4	ALB
DB01161	Chloroprocaine		GRIN3A;SLC6A3;CHRNA10;SCN10A;HTR3A	BCHE	
DB01162	Terazosin	ABCB1	ADRA1A;KCNH7;ADRA1B;ADRA1D;KCNH2;KCNH6		
DB01165	Ofloxacin	SLC22A4;SLC22A5;SLC22A6;ABCC1;ABCC2	TOP2A;parC;gyrA	CYP1A2	
DB01167	Itraconazole	ABCB1	ERG11;CYP51A1	CYP1A1;CYP2D6;CYP2B6;CYP2E1;CYP3A7;CYP3A4;CYP3A5	
DB01169	Arsenic trioxide	ABCB1;ABCC2	HDAC1;AKT1;CCND1;CDKN1A;JUN;IKBKB;MAPK3;MAPK1;PML;TXNRD1	CYP1A1;CYP3A4;CYP1B1	ALB
DB01170	Guanethidine		SLC6A2	CYP3A4	
DB01173	Orphenadrine		SLC6A2;SCN10A;GRIN3A;GRIN3B;GRIN2D;HRH1;GRIN1	CYP3A4;CYP2B6;CYP1A2;CYP2E1	
DB01174	Phenobarbital	ABCB11;SLCO2A1;ABCB1;ABCC1;ABCC2;ABCC3	GRIA2;GRIK2;CHRNA4;NR1I2;CHRNA7;GRIN1;GABRA1	CYP2C9;CYP2C8;CYP1A2;CYP4A11;CYP1A1;CYP2B6;CYP4B1;CYP2E1;CYP2C19;CYP2A6;CYP3A7;CYP1B1;CYP3A4;CYP3A5;CYP2C18	
DB01175	Escitalopram		SLC6A3;SLC6A2;SLC6A4;ADRA1A;CHRM1;HRH1	CYP3A4;CYP2C19;CYP2D6	
DB01176	Cyclizine		SULT1E1;HRH1	CYP2C9	
DB01177	Idarubicin	ABCC1	TOP2A	CYP2C9;CYP2D6	
DB01181	Ifosfamide		NR1I2	CYP2C9;CYP2C8;PTGS1;CYP2B6;CYP2C19;CYP2A6;CYP3A7;CYP3A4;CYP3A5;CYP2C18	
DB01182	Propafenone	ABCB1	ADRB1;ADRB2;SCN5A;KCNH2	CYP2C9;CYP2C8;CYP3A4;CYP1A2;CYP2D6	
DB01183	Naloxone	ABCB1;SLCO1A2	ESR1;CREB1;CES1;OPRM1;OPRD1;TLR4;OPRK1	CYP2C8;CYP3A4	ALB
DB01184	Domperidone	ABCB1	DRD2;DRD3	CYP2C8;CYP1A2;CYP2D6;CYP2B6;CYP3A7;CYP3A4;CYP3A5	
DB01185	Fluoxymesterone		PRLR;NR3C1;AR;HSD11B2;ESR1		SHBG
DB01186	Pergolide		ADRA1A;ADRA1B;ADRA1D;DRD1;DRD4;DRD5;DRD2;DRD3;ADRA2B;ADRA2A;HTR2A;HTR2C;HTR2B;HTR1D;ADRA2C;HTR1A;HTR1B	CYP3A4;CYP2D6	
DB01189	Desflurane		MT-ND1;GLRA1;GRIA1;KCNA1;ATP2C1;GABRA1;ATP5D		ALB
DB01190	Clindamycin		rplJ	CYP3A4	
DB01191	Dexfenfluramine		HTR2C;SLC6A4	CYP2C9;CYP1A2;CYP2D6;CYP2E1;CYP2C19;CYP2A6	
DB01192	Oxymorphone		OPRM1;OPRD1	CYP3A4;CYP2D6	
DB01193	Acebutolol	ABCB1;SLC22A1	ADRB1;ADRB2	CYP2D6	
DB01194	Brinzolamide		CA3;CA2;CA1;CA5A;CA4	CYP3A4	
DB01195	Flecainide		SCN4A;SCN5A;KCNH2	CYP2C9;CYP2D6	
DB01196	Estramustine	ABCB1	MAP2;MAP1A;ESR2;ESR1	CYP3A4	
DB01197	Captopril	ABCB1;SLC15A1;SLC22A6	LTA4H;BDKRB1;MMP2;ACE;MMP9	CYP2D6	ALB
DB01198	Zopiclone		GABRA5;TSPO;GABRA1;GABRA3;GABRA2	CYP2C9;CYP2C8;CYP3A4;PTGS1;CYP2E1	
DB01199	Tubocurarine	SLC22A1;SLC22A2	ACHE;CHRNA7;CHRNA2;HTR3A		
DB01200	Bromocriptine	ABCB1	ADRA1A;ADRA1B;ADRA1D;DRD4;DRD5;DRD2;DRD3;ADRA2B;ADRA2C;HTR7;ADRA2A;HTR2C;HTR2B;HTR1D;HTR2A;DRD1;HTR1A;HTR1B	CYP3A4;CYP1A2	
DB01201	Rifapentine		rpoC	CYP2C9;CYP2C8;CYP2D6;CYP3A43;CYP3A7;CYP3A4;CYP3A5	
DB01202	Levetiracetam	ABCB1;ABCC2	SV2A;CACNA1B		
DB01203	Nadolol	ABCB1	ADRB1;ADRB2		
DB01204	Mitoxantrone	ABCG2;ABCB1;ABCC1	TOP2A	CYP3A4;CYP1B1;CYP2E1	
DB01206	Lomustine		STMN4	CYP3A4;CYP2D6	
DB01208	Sparfloxacin	SLC22A5;ABCB1;ABCC2	TOP2A;parC;gyrA		
DB01209	Dezocine		OPRK1;OPRM1		
DB01211	Clarithromycin	ABCB1;SLC22A7	SLCO1B1;SLCO1B3;rplJ;KCNH2	CYP3A7;CYP3A4;CYP3A5;CYP2C19;CYP1A2	
DB01212	Ceftriaxone	SLC15A2;SLC22A6;SLC15A1;SLC22A8;SLC22A11	SLC22A6;SLC15A1;SLC22A8;penA;SLC22A11	GLUL	ALB
DB01213	Fomepizole		ADH1C;ADH1B;ADH1A;CAT	CYP2A6;CYP2E1	
DB01215	Estazolam		GABRR1;GABRG3;GABRG2;GABRG1;GABRR3;GABRP;GABRE;GABRD;GABRA5;GABRB1;GABRB2;GABRB3;GABRA1;GABRR2;GABRA3;GABRA2	CYP3A4	
DB01216	Finasteride		SRD5A2;SRD5A1;AKR1D1	CYP3A7;CYP3A4;CYP3A5	
DB01217	Anastrozole		CYP19A1	CYP2C9;CYP1A2;CYP19A1;CYP3A4	
DB01218	Halofantrine		KCNH2	CYP2C8;CYP3A4;CYP3A5;CYP2D6	
DB01219	Dantrolene		RYR1	CYP3A4	
DB01220	Rifaximin		rpoB;NR1I2	CYP3A4	
DB01221	Ketamine	ABCB1	SLC6A2;NOS1;DRD2;CHRM1;GRIN3A;OPRM1;CHRNA7;HTR2A;OPRD1;HTR3A;OPRK1;BCHE;HTR1A;TACR1	CYP2C9;CYP2C8;CYP3A4;CYP2B6;PTGS1	
DB01222	Budesonide		NR3C1	CYP3A4	
DB01223	Aminophylline		ADORA1;ADORA3;HDAC2;PDE3A	CYP1A2;CYP3A4;CYP2E1	
DB01224	Quetiapine	ABCB1	ADRA2A;ADRA2B;ADRA2C;HTR2A;HTR2C;HRH1;CHRM5;CHRM4;CHRM3;CHRM2;CHRM1;HTR6;HTR7;ADRA1A;ADRA1B;ADRA1D;DRD4;DRD5;DRD2;DRD3;DRD1;HTR3A;HTR1D;HTR1E;HTR1A;HTR1B	CYP3A7;CYP3A4;CYP3A5;CYP2C19;CYP2D6	
DB01226	Mivacurium		BCHE;CHRM3;CHRM2;CHRNA2		
DB01227	Levomethadyl Acetate		OPRM1;CHRNB4;CHRNA3	CYP3A7;CYP3A4;CYP3A5;CYP19A1	
DB01228	Encainide		SCN5A	CYP2D6	
DB01229	Paclitaxel	ABCG2;ABCB11;SLCO1B3;ABCC2;ABCC1;ABCC10;ABCB1	MAP4;TUBB1;MAP2;NR1I2;MAPT;BCL2	CYP2C9;CYP2C8;CYP1B1;CYP19A1;CYP3A7;CYP3A4;CYP3A5	
DB01231	Diphenidol		CHRM3;CHRM2;CHRM1		
DB01232	Saquinavir	ABCG2;SLCO1B1;ABCB1;SLC22A1;SLCO1A2;ABCC1;ABCC2	pol	CYP2C9;CYP2C8;CYP11A1;CYP2D6;CYP2C19;CYP3A7;CYP3A4;CYP3A5	ALB;ORM1
DB01233	Metoclopramide		ACHE;HTR4;DRD2;CHRM1;HTR3A	CYP11B2;CYP11B1;CYP2D6;CYP17A1	
DB01234	Dexamethasone	ABCG2;ABCB11;SLCO1A2;ABCB1;ABCC2	ANXA1;NR1I2;NR3C1;NR0B1;NOS2	CYP2C9;CYP1A1;CYP11A1;CYP1B1;CYP2D6;CYP2C8;CYP19A1;CYP2B6;CYP2E1;CYP17A1;CYP2C19;CYP2A6;CYP3A43;CYP3A7;CYP3A4;CYP3A5;CYP4A11	
DB01235	Levodopa	SLC15A1;SLC7A5;SLC16A10;SLC7A8	DRD4;DRD5;DRD2;DRD3;DRD1	DDC;CYP2D6	
DB01236	Sevoflurane		MT-ND1;GLRA1;GRIA1;KCNA1;ATP2C1;GABRA1;ATP5D	CYP3A4;CYP2B6;CYP2A6;CYP2E1	ALB
DB01237	Bromodiphenhydramine	SLC47A1;SLC22A6	HRH1		
DB01238	Aripiprazole		ADRA2A;ADRA2B;ADRA2C;HTR2A;HTR2C;HRH1;CHRM5;CHRM4;CHRM3;CHRM2;CHRM1;HTR6;HTR7;ADRA1A;ADRA1B;DRD4;DRD5;DRD2;DRD3;DRD1;HTR3A;HTR1D;HTR1E;HTR1A;HTR1B	CYP3A7;CYP3A4;CYP3A5;CYP2D6	
DB01239	Chlorprothixene	ABCB1	CHRM4;CHRM3;CHRM2;HRH1;DRD2;DRD3;CHRM1;DRD1;HTR2A;HTR2C;HTR2B;CHRM5		
DB01240	Epoprostenol		PTGIS;P2RY12;PTGIR	CYP2C9	
DB01241	Gemfibrozil	SLCO1B1	PPARA	CYP2C9;CYP2C8;CYP1A2;CYP2C19;CYP3A4	
DB01242	Clomipramine	ABCB1	SLC6A2;SLC6A4;GSTP1;HTR2A;HTR2C;HTR2B	CYP1A2;CYP2C19;CYP3A4;CYP2D6	ALB
DB01244	Bepridil	ABCB1	CACNA1H;CALM1;CACNA1A;PDE1A;KCNH2;KCNQ1;TNNC1;ATP1A1;PDE1B;CACNA2D2	CYP2D6	
DB01246	Alimemazine		HRH1	CYP3A4	
DB01248	Docetaxel	ABCG2;SLCO1B3;ABCB1;SLC22A7;ABCC10;ABCC1;ABCC2	MAP4;TUBB1;MAP2;NR1I2;MAPT;BCL2	CYP3A7;CYP3A4;CYP3A5;CYP1B1	
DB01252	Mitiglinide		PPARG;ABCC8	UGT2B7;UGT1A3	
DB01253	Ergonovine	ABCB1	ADRA1A	CYP3A4	
DB01254	Dasatinib	ABCB1;ABCG2	PDGFRB;EPHA5;HSPA8;EPHA2;MAPK14;ABL1;ABL2;BCR;CSK;FYN;FGR;YES1;LYN;SRC;EPHB4;FRK;NR4A3;ZAK;KIT;STAT5B;PPAT;LCK;BTK	CYP1A1;CYP1A2;CYP1B1;FMO3;CYP3A4;CYP3A5	
DB01255	Lisdexamfetamine		SLC6A3;ADRA1B		
DB01256	Retapamulin		rplC	CYP3A4	
DB01259	Lapatinib	TAP1;ABCB1	ERBB2;EGFR	CYP2C8;CYP3A4;CYP3A5;CYP2C19	
DB01260	Desonide		NR3C1		
DB01261	Sitagliptin	ABCB1	DPP4	CYP2C8;CYP3A4	
DB01263	Posaconazole	ABCB1	ERG11	CYP3A4	
DB01264	Darunavir		pol	CYP3A4	
DB01267	Paliperidone		ADRA1A;ADRA1B;CYP2D6;DRD1;DRD4;DRD2;DRD3;ADRA2B;ADRA2A;HTR7;CYP3A5;HTR2A;HTR2C;HRH1;HTR1D;CYP3A4;ADRA2C;HTR1A		
DB01268	Sunitinib	ABCC4;ABCB1;ABCG2;ABCC2	PDGFRB;PDGFRA;CSF1R;KIT;FLT4;FLT3;KDR;FLT1	CYP3A7;CYP3A4;CYP3A5	
DB01273	Varenicline		CHRNA4;CHRNB2;CHRNA6;CHRNA7;CHRNA3		
DB01274	Arformoterol		ADRB2	CYP2C9;CYP2C19;CYP2A6;CYP2D6	
DB01275	Hydralazine		AOC3;P4HA1	CYP3A4	
DB01283	Lumiracoxib		PTGS2;PTGS1	CYP2C9;CYP1A2;CYP2C19;UGT1A9	
DB01295	Bevantolol		ADRA1A;ADRB1;ADRB2		
DB01301	Rolitetracycline		rpsI	CYP3A4	
DB01303	Oxtriphylline	SLC22A7	ADORA1;PDE4A;HDAC2;PDE3A;ADORA2A	CYP1A2	
DB01306	Insulin Aspart		INSR	CYP1A2	
DB01307	Insulin Detemir		INSR	CYP1A2	ALB
DB01309	Insulin Glulisine		INSR	CYP1A2	
DB01319	Fosamprenavir		pol	CYP3A4	
DB01320	Fosphenytoin		SCN5A	CYP2C9;CYP2C8;CYP3A4;CYP2C19;CYP2B6	ALB
DB01321	Josamycin		rplD	CYP3A4	
DB01326	Cefamandole	SLC22A6;SLC22A7;SLC22A8;SLC22A11	pbpA		
DB01327	Cefazolin	ABCC4;SLC22A6;SLC22A8;SLC22A11	PON1;IL15;ftsI;mrcA;mrcB;mrdA;pbpC;IL2	TPMT	ALB
DB01329	Cefoperazone	SLC22A6;SLC22A7;SLC22A8;SLC22A11	dacA;dacB;dacC;ftsI;mrcA;mrcB;mrdA;ponB		ALB
DB01333	Cefradine	SLC15A2;SLC22A5;SLC22A6;SLC15A1	mrcA	CYP3A4	
DB01336	Metocurine		CHRM2;CHRNA2		
DB01337	Pancuronium	SLC22A1;SLC22A2	CHRM3;CHRM2;CHRNA2	BCHE	
DB01338	Pipecuronium		CHRM3;CHRM2;CHRNA2	BCHE	
DB01339	Vecuronium	ABCB1;SLC22A1	CHRNA2		
DB01340	Cilazapril	SLC15A2;ABCB1;SLC15A1	ACE		
DB01349	Tasosartan		AGTR2;AGTR1	CYP3A4	
DB01357	Mestranol		ESR1	CYP2C9;CYP1A2	
DB01359	Penbutolol		ADRB1;ADRB2;HTR1A;HTR1B		ORM1
DB01363	Ephedra		SLC6A3;SLC6A2;ADRB1;SLC6A4;ADRA2A;ADRA2B;ADRA2C;MAOB;MAOA;ADRB3;SLC18A2;SLC18A1;ADRB2		
DB01364	Ephedrine		ADRA1A;SLC6A2;ACHE;SLC18A2	BCHE	
DB01365	Mephentermine		ADRA1A;ADRB1		
DB01367	Rasagiline		MAOB;BCL2	CYP1A2	
DB01369	Quinupristin		rplV;rplJ	CYP3A4	
DB01380	Cortisone acetate		NR3C1	CYP3A4	
DB01381	Ginkgo biloba		SLC6A2;GABRG2;GLRA1;PLA2G2A;GABRB2;GABRA1	CYP2C9	
DB01384	Paramethasone		NR3C1	CYP3A4	SERPINA6
DB01392	Yohimbine		KCNJ1;DRD2;ADRA2A;ADRA2B;ADRA2C;HTR2A;HTR2C;HTR2B;HTR1D;DRD3;HTR1A;HTR1B	CYP3A4;CYP2D6	
DB01393	Bezafibrate	SLCO1B1	NR1I2;RXRG;RXRA;RXRB;PPARG;PPARD;PPARA	CYP1A1;CYP3A4;CYP2C8	
DB01394	Colchicine	ABCB1;SLC22A3;ABCC1;ABCB4	TUBB;TUBB1	CYP2C9;CYP2C8;CYP3A4;CYP2B6;CYP2E1	
DB01395	Drospirenone		NR3C2;AR;PGR	PTGS2;CYP3A4;BCHE	
DB01396	Digitoxin	SLCO4C1;ABCB1;SLCO1A2	ATP1A1	CYP3A4;CYP11A1	ALB
DB01397	Magnesium salicylate		PTGS2;PTGS1		ALB
DB01399	Salsalate		PTGS2;PTGS1		
DB01400	Neostigmine	ABCB1	ACHE	BCHE	
DB01401	Choline magnesium trisalicylate		PTGS2;PTGS1		
DB01403	Methotrimeprazine		ADRA1A;CHRM4;ADRA1D;CHRM3;DRD4;DRD5;DRD2;DRD3;CHRM1;DRD1;ADRA2A;ADRA1B;HTR2A;ADRA2B;HTR2C;HRH1;ADRA2C;CHRM5;CHRM2	CYP1A2;CYP2E1;CYP2D6	
DB01404	Ginseng		IL6;PTGS2;AHR		
DB01406	Danazol		CCL2;GNRHR2;ESR1;AR;GNRHR;PGR	CYP3A4;CYP19A1	SHBG
DB01407	Clenbuterol		ADRB1;ADRB2;ADRB3;NGF;TNF	CYP1A1;CYP1A2	
DB01409	Tiotropium	SLC22A4;SLC22A5	CHRM5;CHRM4;CHRM3;CHRM2;CHRM1	CYP3A4;CYP2D6	
DB01410	Ciclesonide		NR3C1	CES1;CYP3A4;CYP2D6	SERPINA6
DB01412	Theobromine		ADORA1;ADORA2A;PDE4B	CYP1A2;CYP2E1	
DB01414	Cefacetrile	SLC22A6;SLC22A8	mrcA;mrcB		
DB01418	Acenocoumarol		VKORC1	CYP2C9;CYP1A2;CYP2C19;CYP3A4	ALB;ORM1
DB01419	Antrafenine		PTGS2;PTGS1		
DB01420	Testosterone propionate	ABCB1	AR	SRD5A1;CYP3A4;COMT;UGT1A1	SHBG;ALB
DB01426	Ajmaline		SCN5A	CYP2D6	ORM1
DB01428	Oxybenzone		ESR2;AR;PGR;ESR1		
DB01429	Aprindine		SCN5A;CALM1	CYP2D6	ORM1
DB01433	Methadyl Acetate		OPRM1		
DB01435	Antipyrine	SLC22A6	PTGS2;PTGS1	CYP2C9;CYP2C8;CYP1A2;CYP2D6;CYP2B6;CYP2E1;CYP2C19;CYP2A6;CYP3A4;CYP2C18	
DB01452	Heroin		OPRK1;CES1;OPRM1;OPRD1		
DB01463	Fencamfamine		SLC6A3		
DB01466	Ethylmorphine		OPRM1	CYP2B6;CYP3A4;POR;CYP2D6;CYP3A7	
DB01558	Bromazepam		GABRR1;GABRB3;GABRG3;GABRG2;GABRG1;GABRR3;GABRQ;GABRP;GABRD;GABRE;GABRB1;GABRA5;GABRA4;GABRB2;GABRA6;GABRA1;GABRR2;GABRA3;GABRA2	CYP3A4;CYP2C19;CYP1A2;CYP2E1	
DB01559	Clotiazepam		GABRR1;GABRG3;GABRG2;GABRG1;GABRR3;GABRP;GABRE;GABRD;GABRA5;GABRB1;GABRB2;GABRB3;GABRA1;GABRR2;GABRA3;GABRA2	CYP2C19;CYP3A4;CYP2B6;CYP2C18	
DB01576	Dextroamphetamine		SLC6A3;ADRA1A;ADRA1B;TAAR1;SLC6A2;SLC18A2	CYP2D6	
DB01577	Methamphetamine	SLC22A5;SLC22A3	SLC6A3;SLC6A2;TAAR1;SLC6A4;ADRA2A;ADRA2B;ADRA2C;MAOB;MAOA;SLC18A2;SLC18A1	CYP2D6	
DB01579	Phendimetrazine		ADRA1A;SLC6A2;ADRA1B		
DB01580	Oxprenolol	SLC22A2	ADRB1;ADRB2;ADRB3	CYP2D6	
DB01583	Liotrix	SLC10A1;SLC22A8;ABCB1;SLC16A2;SLCO4C1;SLCO1B1;SLCO1B3;SLC16A10;SLCO1A2;SLCO4A1;SLCO1C1	THRB;THRA	CYP2C8	TTR;ALB;SERPINA7
DB01586	Ursodeoxycholic acid	SLC10A2;SLC10A1;ABCB11;SLCO1A2;ABCC4;ABCC2	NR1H4;AKR1C2	CYP2E1	
DB01587	Ketazolam	ABCB1	TSPO;GABRG1;GABRB1;GABRE;GABRD;GABRA1	CYP3A4	ALB
DB01588	Prazepam		GABRR1;GABRG3;GABRG2;GABRG1;GABRR3;GABRP;GABRE;GABRD;GABRA5;GABRB1;GABRB2;GABRB3;GABRA1;GABRR2;GABRA3;GABRA2	CYP3A4	
DB01590	Everolimus		MTOR	CYP3A4	
DB01591	Solifenacin		CHRM5;CHRM4;CHRM3;CHRM2;CHRM1	CYP3A4	
DB01593	Zinc		SIVA1;CCS;HBB;TPI1;APLP1;APLP2;AGT;GSN;DCD;PZP;SEMG1;FGA;A1BG;SOD1;P4HB;DAND5;MGMT;MDM2;NME1;FN1;KRT2;IGLV3-21;APP;C1QC;C1QB;UTRN;IGHA1;IGKV1-17;TP73;APOA4;APOA1;APOA2;APOE;HRNR;C4BPA;C4BPB;ITIH4;JUP;C4B;MT1A;FCN3;BRCC3;PARP1;DSP;F12;TTR;SERPIND1;MPG;TP53;ESR1;INS;SHBG;KRT16;KRT14;KRT10;ORM2;HDAC1;HDAC4;HDAC8;PGLYRP2;ALDOA;KRT1;KRT5;ITIH1;ITIH3;ITIH2;A2M;ASPA;S100A9;S100A8;KRT6A;C3;S100A7;C5;S100A2;F13B;VTN;PDCD6;CLU;CP;BDKRB1;F2;PSPH;PON1;KNG1;IGFALS;IL3;CPN2;CPN1;SEPP1;MT2A;KRT9;EEF1A1;PRDX1;C8A;C8B;AHSG;C8G;SERPINA1;SERPINA3;SERPINA4;SERPINA6;MT3;APOBR;TF;APCS;APOL1;KLKB1;HPR;PDIA3;GAPDHS;HBA1;IGHM;ENO1;JCHAIN;CFH;CFI;GLRA1;CFB;MMP9;C1S;C1R;TUFM		
DB01595	Nitrazepam	ABCB1	GABRR1;GABRB3;SCN1A;GABRG3;GABRG2;GABRG1;GABRR3;GABRQ;GABRP;GABRD;GABRE;GABRB1;GABRA5;GABRA4;GABRB2;GABRA6;GABRA1;GABRR2;GABRA3;GABRA2	CYP3A4;CYP2E1	
DB01597	Cilastatin	SLC22A6;SLC22A8	DPEP1		
DB01600	Tiaprofenic acid		PTGS2;PTGS1		
DB01601	Lopinavir	ABCB1	pol	CYP2C9;CYP2C8;CYP1A2;CYP2D6;CYP2B6;CYP2C19;CYP3A4	
DB01608	Propericiazine		ADRA1B;ADRA2A;AR;DRD1		
DB01611	Hydroxychloroquine		TLR9;TLR7	CYP2D6	
DB01614	Acepromazine	SLC22A1	ADRA1A;ADRA1B;DRD2;DRD1;HTR2A;HTR1A		ALB
DB01615	Aceprometazine		HRH1		
DB01616	Alverine		HTR1A		
DB01618	Molindone		HTR2A;DRD2;HTR1A;CHRM1		
DB01619	Phenindamine		HRH1		
DB01620	Pheniramine		NR1I3;HRH1		
DB01621	Pipotiazine	SLC22A1	HTR2A;DRD2;HTR1A;DRD1	CYP3A4;CYP2C19;CYP1A2;CYP2D6	ALB
DB01622	Thioproperazine	SLC22A1	ADRA1A;ADRA1B;DRD2;DRD1;HTR2A;HTR1A		ALB
DB01623	Thiothixene	SLC22A1	HTR2A;DRD2;DRD1	CYP1A2;CYP2D6	ALB
DB01624	Zuclopenthixol		ADRA1A;DRD5;DRD2;ADRA2A;DRD1;HTR2A;HRH1	CYP2D6	
DB01625	Isopropamide		CHRM4;CHRM3		
DB01628	Etoricoxib		PTGS2	CYP2C9;CYP1A2;CYP2D6;CYP2E1;CYP2C19;CYP3A4	
DB01685	Topiroxostat	ABCG2;SLC22A8;SLC22A6	XDH	CYP2C9;CYP2C8;CYP1A2;CYP1A1;CYP2C19;UGT1A9;CYP3A4	ALB;ORM1
DB01708	Prasterone		choB;ESR2;ESR1;ksi;NR1I3;NR1I2;AR;SULT2B1;PPARA;HSD17B1;GRIN1;GABRA1;SIGMAR1;SULT2A1	CYP3A7;CYP3A4	
DB01764	Dalfopristin		vatD	CYP3A4	
DB02659	Cholic Acid	SLC10A2;SLC10A1;ABCB1;SLCO1B3;SLCO1B1;ABCB11;SLC22A7;SLCO1A2;ABCC4;SLC22A8;ABCC1;ABCC2;ABCC3	MT-CO1;MT-CO2;MT-CO3;COX5A;COX5B;cbh;FABP6;PLA2G1B;GPBAR1;COX6B1;FECH;COX8A;NR1H4;COX6C;ESRRG;CES1;DKFZp686P18130;COX4I1;COX7A1;COX6A2;ADH1C;COX7B;COX7C		FABP1
DB02701	Nicotinamide		eta;BST1;LDHA;SIRT5;PARP1	CYP3A4;CYP2E1;CYP2D6	
DB02709	Resveratrol		PTGS2;PTGS1;NQO2;ITGA5;AKT1;ALOX15;PI4K2B;NR1I3;KHSRP;CBR1;YARS;ITGB3;ALOX5;PPARG;PPARA;MTNR1B;MTNR1A;CSNK2A1;ESR1;APP;SLC2A1;AHR;NR1I2;SNCA;CLEC14A	CYP1A1;CYP1A2;CYP1B1;CYP3A4	TTR;ALB
DB03128	Acetylcholine	SLC22A5;SLC22A1	CHRM4;CHRM3;CHRM2;CHRM1;CHRNA7;ACHE	CYP2D6	
DB03585	Oxyphenbutazone	SLC22A6	PLA2G2E		ALB
DB03619	Deoxycholic Acid	SLC10A2;ABCB11;SLC10A1;SLCO1A2	ctaD;ctaC;cbh;ppcA;acrB;GSTP1;EFTUD1;GPBAR1;NR1H4;ksi;aldA		
DB03756	Doconexent		RXRG;RXRA;RXRB;PPARG;SREBF1;PPARA	CYP2C9	FABP7
DB03793	Benzoic Acid	SLC16A1;SLC22A8;SLCO2B1	RAB9A;clcA;cumD;oxyR;cpo;HRSP12;malT;DAO;chqB;eltB;cocE;nfsB;pptA;SLC15A1;PRDX5;repA		
DB03796	Palmitic Acid	ABCB1	CYP2C8;PMP2;PAEP;SEC14L2;HNF4G;PPARA;RHO;PPT1;TRAPPC3;LALBA		ALB;FABP4;FABP5;FABP2;FABP3
DB04224	Oleic Acid		PMP2;GLTP;RXRA;PPARG;PPARD;PPARA		ALB;FABP7;FABP4;GC;FABP3;FABP1
DB04272	Citric Acid	SLCO2B1	eda;GNMT;penP;pgl;dxr;MIF;pcaB;guaA;MDH2;purE;C8G;rplD;fumC;ITEVIR;TNFSF13B;BHMT;nrdF;trpA;HS3ST3A1;sspA;blm;trpS;IL4I1;CTDSP1;glnA1;RNASE1;SRC;RNASE3;UCK2;fbpA;ANG;LSM6;mobA;HGS;gag-pro-pol;APRT;rmlA;nfsB;rpiA;CS;AKR1B1;PDE5A;ftsY;12;yfiH;17;rtcA;icd;nusB;CPB1;nadD;ITPA;bfrA;PLEKHA1;cit;gltA;pdc;ftsZ;nedA		
DB04398	Lactic Acid	SLC16A1;SLC16A7;SLC16A3;SLCO2A1;SLC16A10;SLCO2B1	putA		
DB04519	Caprylic acid	SLC22A6;SLC22A8;SLC22A11	PPARA;tesA;fabB		
DB04540	Cholesterol	ABCB1;ABCG2	NR1I3;CLEC4E;VDR;RORA		
DB04552	Niflumic Acid	SLC16A1;SLC16A7	PTGS2;PTGS1;UGT1A9;PLA2G1B;CLCNKA;PLA2G4A		
DB04573	Estriol	ABCB1;SLCO1A2	SHBG;ESR2;ESR1		
DB04574	Estrone sulfate	SLC22A1	ESR2;ESR1	CYP2C9;CYP3A4;CYP1A2	SHBG;ALB
DB04575	Quinestrol		ESR1		
DB04743	Nimesulide		PTGS2;PLA2G2E;LTF		
DB04794	Bifonazole		CYP2B6;ERG11	CYP3A4;CYP19A1;CYP2C19;CYP2E1	
DB04817	Metamizole		PTGS1	CYP3A4;CYP2B6	
DB04824	Phenolphthalein		NR1I3;NR1I2;SHBG;UGT1A9;ESR1		
DB04835	Maraviroc		CCR5	CYP3A4	
DB04837	Clofedanol		HRH1		
DB04838	Cyclandelate		CES1;CACNA2D1		
DB04839	Cyproterone acetate		KLK3;AR	CYP19A1;CYP2D6	
DB04840	Debrisoquin	ABCB1	SLC6A2	CYP1A1;CYP2D6	
DB04841	Flunarizine		CACNA1H;CACNA1I;HRH1;CALM1;CACNA1G	CYP2C9;CYP1A1;CYP1A2;CYP2D6;CYP2B6;CYP2A6	
DB04842	Fluspirilene		HTR2A;DRD2;CACNG1		
DB04843	Mepenzolate		CHRM3;CHRM1		
DB04844	Tetrabenazine		SLC18A2;DRD2	CBR1;CYP2D6	
DB04845	Ixabepilone		TUBB3	CYP3A4	
DB04846	Celiprolol		ADRB1;ADRB2	CYP3A4	
DB04855	Dronedarone	ABCB1	ADRA1A;CACNB4;ADRA1B;ADRA1D;KCNH2;CACNB3;CACNB2;CACNB1;CACNA1C;CACNA1D;ADRA2A;ADRA2B;ADRA2C;ADRB1;CACNA1F;SCN1A;CACNA1S;KCNK2	CYP3A4;CYP2D6	ALB
DB04861	Nebivolol		ADRB1;ADRB2	CYP2D6	
DB04868	Nilotinib	ABCB1;ABCG2;UGT1A1	ABL1;KIT	CYP2C9;CYP2C8;CYP3A4;CYP2B6;CYP2D6	
DB04871	Lorcaserin		HTR2C	CYP1A1;CYP1A2;FMO1;CYP2D6;CYP2B6;CYP2C19;CYP2A6;CYP3A4	
DB04890	Bepotastine		HRH1		
DB04896	Milnacipran		SLC6A2;GRIN1;SLC6A4		
DB04898	Ximelagatran		F2	CYP2C9	
DB04908	Flibanserin		DRD4;HTR2A;HTR1A	CYP3A4	
DB04920	Clevidipine		CACNA1C;CACNA1S;CACNA1D;CACNA1F	CYP2C9;CYP1A2;CYP2D6;CYP2E1;CYP2C19;BCHE;CYP3A4	
DB04930	Permethrin		NR1I2;ESR1;SCN1A	CYP3A4;CYP2B6	
DB04938	Ospemifene		ESR1	CYP2C9;CYP2B6;CYP3A4;CYP2C19;CYP2D6	
DB04941	Crofelemer		CFTR;ANO1		
DB04946	Iloperidone		ADRA1A;DRD4;DRD2;DRD3;DRD1;HTR6;HTR7;HTR2A;HRH1;ADRA2C;HTR1A	CYP1A2;CYP2D6;CYP2E1;CYP3A7;CYP3A4;CYP3A5	
DB04948	Lofexidine		ADRA2A		
DB04953	Ezogabine		KCNQ4;KCNQ5;KCNQ2;KCNQ3	NAT2;CYP2A6;UGT1A4;UGT1A3;UGT1A1;UGT1A9	
DB05015	Belinostat	ABCB1	HDAC1	CYP2C9;CYP2C8;CYP1A2	
DB05039	Indacaterol	ABCB1	ADRB2	CYP3A4;UGT1A1	
DB05219	Crisaborole		PDE4A;PDE4B;PDE4C;PDE4D	CYP2C9;CYP2C8;CYP1A2;CYP2B6	
DB05239	Cobimetinib	SLCO1B1;SLCO1B3;ABCG2	MAP2K1	CYP3A4;ABCB1	
        all_genes_ids = list(map(self.proxy.map_ids, target_genes_of_drug))		#N/A	#N/A	#N/A	#N/A
DB05271	Rotigotine		DRD4;DRD5;DRD2;DRD3;ADRA2B;DRD1;HTR1A	CYP3A4;CYP1A2;CYP2D6	
DB05294	Vandetanib	ABCG2;ABCC1	EGFR;TEK;VEGFA;RET;PTK6	FMO3;CYP3A4;FMO1	ALB;ORM1
DB05316	Pimavanserin		DRD2;HTR2A		
DB05381	Histamine	SLC22A5;SLC22A1;SLC22A2;SLC22A3	SLC18A2;HRH4;HRH2;HRH3;HRH1	CYP2C9;CYP3A4;HNMT;CYP2D6	
DB05521	Telaprevir	ABCB1	SLCO1B1;NS3/4A;SLCO2B1	CYP3A4	ALB;ORM1
DB05541	Brivaracetam		SV2A;SCN1A	CYP2C9;CYP2B6;CYP3A4;CYP2C19	
DB05676	Apremilast		NOS3;IFNG;TNF;IL2;PDE4A;PDE4B;PDE4D	CYP3A4	
DB05773	Trastuzumab emtansine	ABCB1	ERBB2	CYP3A4;CYP3A5	
DB05812	Abiraterone	ABCC1	CYP17A1	CYP2C9;CYP2C8;CYP1A2;CYP2D6;CYP2C19;CYP3A4;SULT2A1	ALB;ORM1
DB05889	Inotuzumab ozogamicin	ABCB1	CD22		
DB06016	Cariprazine		HTR2B;DRD2;DRD3;HTR2A;HRH1;HTR1A	CYP3A4;CYP2D6	
DB06144	Sertindole		ADRA1A;ADRA1B;ADRA1D;KCNH2;DRD2;HTR6;HTR2A;HTR2C	CYP3A4;CYP2D6	
DB06145	Spiramycin		rplC	CYP3A4	
DB06148	Mianserin		SLC6A3;SLC6A2;DRD1;SLC6A4;ADRA1A;HTR2B;DRD2;ADRA2A;ADRA2B;ADRA2C;HTR6;HTR7;HRH4;HTR2A;HTR2C;HRH1;OPRK1;HTR1F;DRD3;HTR1A	CYP3A4;CYP2B6;CYP1A2;CYP2D6	
DB06151	Acetylcysteine	SLCO1B1;SLC22A6	GRIN2B;GSS;SLC7A11;CHUK;IKBKB;GRIN3A;GRIN2A;GRIN2D;GRIN1;ACY1		
DB06155	Rimonabant		CNR1;GPR55	CYP3A4	
DB06176	Romidepsin	ABCB1;SLCO1B3	HDAC1;ABCC1;HDAC2;HDAC4;HDAC6	CYP1A1;CYP3A4;CYP3A5;CYP2B6;CYP2C19	
DB06201	Rufinamide		GRM5;SCN9A	CES1;CYP3A4;CYP2E1	ALB
DB06202	Lasofoxifene		CNR2;ESR2;ESR1		
DB06203	Alogliptin		DPP4	CYP3A4;CYP2D6	
DB06204	Tapentadol		SLC6A2;SLC6A4;OPRM1;OPRD1;HTR3A;OPRK1	CYP2C9;UGT2B7;CYP2C19;UGT1A9;CYP2D6	
DB06207	Silodosin	ABCB1;ABCB4	ADRA1A;ADRA1B;ADRA1D	UGT2B7;CYP3A4	
DB06209	Prasugrel		P2RY12	CYP2C9;CYP2C19;CYP3A4;CES2;CYP2B6	ALB
DB06212	Tolvaptan	ABCB1	AVPR2;AVPR1A	CYP3A4	
DB06216	Asenapine		ADRA1A;HTR5A;DRD3;ADRB1;DRD4;HRH1;DRD2;ADRA2A;ADRA2B;ADRA2C;HTR6;HTR7;ADRB2;HTR2A;HTR2C;HTR2B;HRH2;DRD1;HTR1A;HTR1B	UGT1A4;CYP1A2;CYP3A4;CYP2D6	
DB06217	Vernakalant		KCNA5;KCND3;SCN5A;KCNH2	CYP2D6	
DB06228	Rivaroxaban	ABCB1	F10	CYP2J2;CYP3A4;CYP3A5	
DB06230	Nalmefene		OPRK1;OPRM1;OPRD1	UGT2B7;UGT1A8;UGT1A3	
DB06237	Avanafil		PDE5A	CYP3A4	
DB06262	Droxidopa	SLC6A2;SLC16A10	ADRA1A;ADRA1B;ADRA1D;ADRA2A;ADRA2B;ADRA2C;ADRB1;ADRB2;ADRB3;PAH	DDC	
DB06267	Udenafil		PDE5A	CYP3A4;CYP3A5	
DB06268	Sitaxentan		EDNRA;EDNRB	CYP2C9;CYP3A4;CYP2C19	
DB06274	Alvimopan		OPRK1;OPRM1;OPRD1		
DB06282	Levocetirizine		HRH1	CYP3A4	
DB06287	Temsirolimus	ABCB1	MTOR	CYP3A7;CYP3A4;CYP3A5;CYP2D6	
DB06288	Amisulpride		HTR7;HTR2A;DRD2;DRD3		
DB06292	Dapagliflozin	ABCB1	SLC5A2	CYP2C9;CYP1A1;CYP1A2;CYP2D6;UGT2B7;UGT2B4;CYP2A6;CYP3A4;UGT1A9	
DB06335	Saxagliptin	SLCO4C1;SLC22A8;ABCC1	DPP4	CYP3A4;CYP3A5	
DB06401	Bazedoxifene		ESR2;ESR1		
DB06403	Ambrisentan	SLCO1B1;ABCB1;SLCO1B3	EDNRA;EDNRB	UGT2B7;CYP2C19;UGT1A9;CYP3A4;CYP3A5;UGT1A3	
DB06404	Human C1-esterase inhibitor		F2;KLKB1;PLAT;F12;C1S;C1R;F11		
DB06412	Oxymetholone		AR;NPPB	CYP3A43;CYP1A2;CYP2D6;MAOA;CYP2C19;CYP3A7;SRD5A1;CYP3A5;CYP3A4	SHBG;ALB
DB06413	Armodafinil		SLC6A3	CYP2C9;CYP1A2;CYP2B6;CYP2C19;CYP3A4;CYP3A5	
DB06414	Etravirine	ABCB1;ABCB4	gag-pol	CYP2C9;CYP3A4;CYP2C19	
DB06589	Pazopanib	SLCO1B1;ABCB1;ABCG2;UGT1A1	PDGFRB;PDGFRA;ITK;SH2B3;KIT;FGF1;FLT4;FGFR3;KDR;FLT1	CYP2C8;CYP3A4;CYP1A2;CYP2D6	
DB06594	Agomelatine		MTNR1B;MTNR1A;HTR2C	CYP2C9;CYP1A2	
DB06595	Midostaurin		PDGFRB;PDGFRA;PRKCA;KIT;FLT3;KDR	CYP2C9;CYP2C8;CYP1A2;CYP2D6;CYP3A43;CYP2B6;CYP2E1;CYP2C19;CYP3A7;CYP3A4;CYP3A5	
DB06603	Panobinostat	ABCB1	HDAC1	CYP3A4;CYP2D6	
DB06605	Apixaban	ABCB1;ABCG2	F10	CYP2C9;CYP2C8;CYP1A2;CYP2J2;CYP2C19;CYP3A4;CYP3A5	
DB06616	Bosutinib	ABCB1	SRC;MAP3K2;CAMK2G;MAP2K1;MAP2K2;CDK2;ABL1;HCK;LYN;BCR	CYP3A4	
DB06626	Axitinib	SLCO1B1;ABCB1	FLT4;KDR;FLT1	CYP3A4;CYP3A5;CYP2C19;CYP1A2;UGT1A1	
DB06637	Dalfampridine		KCND1;KCND3;KCND2;KCNC1;KCNC2;KCNC3;KCNB1;KCNA10;KCNB2;KCNA6;KCNA7;KCNA4;KCNA5;KCNA2;KCNA3;KCNA1	CYP2E1	
DB06684	Vilazodone	SLC6A4	HTR1A	CYP3A4;CYP2C18;CYP2D6	
DB06689	Ethanolamine Oleate		F12	CYP2E1	
DB06691	Mepyramine	SLC22A4;SLC22A5	HRH1	CYP2D6	
DB06694	Xylometazoline		ADRA1A;ADRA1B;ADRA1D;ADRA2A;ADRA2B;ADRA2C		
DB06695	Dabigatran etexilate	ABCB1	F2	UGT2B7;NQO2;CES1;UGT2B15;CES2;UGT1A9	
DB06698	Betahistine		HRH3;HRH1		
DB06699	Degarelix		GNRHR		
DB06700	Desvenlafaxine		SLC6A2;SLC6A4	CYP3A4	
DB06701	Dexmethylphenidate		SLC6A3;SLC6A2;SLC6A4	CYP2D6	
DB06702	Fesoterodine	ABCB1	CHRM5;CHRM4;CHRM3;CHRM2;CHRM1	CYP3A4;CYP2D6	
DB06706	Isometheptene		ADRA1A;SLC18A2		
DB06709	Methacholine		CHRM3		
DB06710	Methyltestosterone	SLC22A8;SLCO1A2	AR;ESR1	CYP3A4;CYP19A1;CYP2B6	SHBG;ALB
DB06711	Naphazoline		ADRA1A;ADRA2A		
DB06713	Norelgestromin		ALB;AR;PGR	STS	
DB06719	Buserelin		LHCGR;GNRHR	CYP19A1	
DB06725	Lornoxicam		PTGS2;PTGS1	CYP2C9	
DB06729	Sulfaphenazole		folP	CYP2C9;CYP2C8;CYP2B6;CYP2A6;CYP2D6	
DB06736	Aceclofenac		PTGS2;PTGS1	CYP2C9	
DB06738	Ketobemidone		OPRK1;OPRM1;GRIN1;OPRD1	CYP2C9;CYP2C8;PTGS1;CYP2B6;CYP2C19;UGT1A9;CYP3A4	
DB06739	Seratrodast		TBXA2R	CYP2C9;CYP2C8;PTGS1;CYP2B6;CYP2C19;UGT1A9;CYP3A4;CYP2A6	
DB06764	Tetryzoline		ADRA1A		
DB06766	Alcaftadine		HRH1		
DB06772	Cabazitaxel	SLCO1B1;ABCB1;ABCG2;SLCO1B3	TUBA4A;TUBB1	CYP2C8;CYP3A4;CYP3A5	
DB06774	Capsaicin		PHB2;TRPV1	PTGS2;CYP1A2;DBH;MPO;GLUL;CYP2E1;MAOA;BCHE;CYP3A4	
DB06781	Difluprednate		NR3C1		
DB06785	Ganirelix		GNRHR		
DB06787	Hexocyclium		CHRM4;CHRM3;CHRM2;CHRM1		
DB06789	Hydroxyprogesterone caproate		PGR	CYP3A4;CYP3A5;CYP2C19	
DB06800	Methylnaltrexone		OPRK1;OPRM1	CYP2D6	
DB06802	Nepafenac		PTGS2;PTGS1		
DB06819	Phenylbutyric acid		tyrB;npr	CYP1A2;CYP2D6	
DB06825	Triptorelin		GNRHR		
DB08439	Parecoxib		PTGS2;LTF	CYP2C9;CYP3A4	
DB08799	Antazoline		HRH1		
DB08800	Chloropyramine		HRH1		
DB08801	Dimetindene		CHRM2;HRH1		
DB08802	Isothipendyl		HRH1		
DB08804	Nandrolone decanoate		AR	MAOB;MAOA;CYP19A1	
DB08806	Roxatidine acetate		HRH2		
DB08810	Cinitapride		HTR4;HTR2A;HTR1A		
DB08811	Tofisopam		PDE4A;PDE3A;PDE10A;PDE2A	CYP3A4	
DB08814	Triflusal		NFKB1;PTGS1;NOS2;PDE10A		ALB
DB08815	Lurasidone		DRD2;ADRA2A;ADRA2C;HTR7;HTR2A;HTR1A	CYP3A4	
DB08816	Ticagrelor	ABCB1	P2RY12	CYP2C9;CYP3A4;CYP2D6	
DB08819	Tafluprost		PTGFR	PTGS2	
DB08820	Ivacaftor	ABCB1	CFTR	CYP3A4;CYP3A5	ALB;ORM1
DB08827	Lomitapide	ABCB1	MTTP	CYP3A4	
DB08828	Vismodegib	ABCB1;ABCG2	SMO	CYP2C9;CYP2C8;CYP3A4;CYP2C19	ALB;ORM1
DB08860	Pitavastatin	ABCG2;SLC10A1;ABCB1;SLCO1B1;SLCO1B3;SLCO2B1;ABCC2	HMGCR	CYP2C9;UGT2B7;CYP2C8;UGT1A3	ALB;ORM1
DB08864	Rilpivirine	SLCO1B1;ABCB1;ABCG2;SLCO1B3	NR1I2;pol	CYP2B6;CYP3A4;CYP2C19;CYP1A2	ALB
DB08865	Crizotinib	ABCB1	MET;ALK	CYP3A4;CYP3A5;CYP2B6	
DB08867	Ulipristal	ABCB1	NR3C1;AR;PGR	CYP3A4;CYP1A2	ALB;ORM1
DB08870	Brentuximab vedotin	ABCB5	TNFRSF8	CYP3A4	
DB08873	Boceprevir	ABCB1	NS3/4A	CYP3A4;CYP3A5	
DB08874	Fidaxomicin	ABCB1	sigA1		
DB08875	Cabozantinib		MET;RET;KDR	CYP2C9;CYP3A4	
DB08877	Ruxolitinib		JAK2;JAK1	CYP3A4	
DB08881	Vemurafenib	ABCG2;ABCC1	BRAF	CYP1A2;CYP3A4;CYP2D6	ALB;ORM1
DB08882	Linagliptin	ABCB1	DPP4	CYP3A4	
DB08883	Perampanel		GRIA1	CYP3A4;CYP3A5	
DB08889	Carfilzomib	ABCB1	PSMB10;PSMB9;PSMB8;PSMB5;PSMB2;PSMB1		
DB08893	Mirabegron	ABCB1;SLCO1A2	ADRB3	CYP3A4;BCHE;CYP2D6	ALB;ORM1
DB08895	Tofacitinib		TYK2;JAK2;JAK3;JAK1	CYP3A4;CYP2C19	ALB
DB08896	Regorafenib	ABCB1;ABCG2	PDGFRB;PDGFRA;TEK;EPHA2;DDR2;RAF1;NTRK1;RET;KIT;FRK;MAPK11;BRAF;ABL1;FLT4;FGFR1;FGFR2;KDR;FLT1	CYP2C9;CYP2C8;CYP2B6;CYP2C19;UGT1A9;CYP3A4;UGT1A1	
DB08897	Aclidinium		CHRM5;CHRM4;CHRM3;CHRM2;CHRM1	BCHE	
DB08899	Enzalutamide	ABCB1	AR	CYP2C9;CYP2C8;CYP2D6;CYP2B6;CYP2C19;CYP3A4;CYP3A5	ALB
DB08901	Ponatinib	ABCB11;ABCB1;ABCG2	SRC;PDGFRA;TEK;RET;KIT;FGFR3;LCK;KDR;ABL1;FGFR4;LYN;FGFR2;FLT3;BCR;FGFR1	CYP2C8;CYP3A4;CYP3A5;CYP2D6	
DB08903	Bedaquiline		atpE	CYP3A4	
DB08906	Fluticasone furoate	ABCB1	NR3C1	CYP3A4	
DB08907	Canagliflozin	ABCB1;ABCC2	SLC5A1;SLC5A2	UGT2B4;CYP3A4;UGT1A9	ALB;ORM1
DB08910	Pomalidomide	ABCB1	PTGS2;CRBN;TNF	CYP1A2;CYP3A4	
DB08912	Dabrafenib	ABCG2;ABCB1;SLCO1B3;SLCO1B1;SLC22A6;SLC22A8	SIK1;LIMK1;RAF1;BRAF;NEK11	CYP2C8;CYP3A4	
DB08916	Afatinib	ABCB1;ABCG2	ERBB2;EGFR;ERBB4		
DB08918	Levomilnacipran	ABCB1	SLC6A2;SLC6A4	CYP2J2;CYP2C8;CYP3A4;CYP2C19;CYP2D6	
DB08922	Perospirone		ADRA1A;DRD4;DRD2;HTR2A;HRH1;HTR1A	CYP2C8;CYP3A4;CYP2D6;CYP1A1	
DB08930	Dolutegravir	ABCG2;SLC22A6;SLC22A2;SLC47A2;SLC47A1;SLC22A8	pol	UGT1A9;CYP3A4;UGT1A1;UGT1A3	ABCB1
DB08931	Riociguat	ABCG2	GUCY1A2	CYP2J2;CYP1A1;CYP3A4;CYP2C8	ALB;ORM1
DB08932	Macitentan		EDNRA;EDNRB	CYP3A4;CYP2C19	ALB
DB08933	Luliconazole		ERG11	CYP3A4;CYP2C19	
DB08934	Sofosbuvir	ABCB1;ABCG2	NS5b	CTSA;CES1A1a;HINT1;NME1;CMPK1	
DB08936	Chlorcyclizine		HRH1		
DB09014	Captodiame		SIGMAR1;HTR2C;DRD3		
DB09016	Butriptyline		HRH1;HTR2A;SLC6A4		
DB09026	Aliskiren		REN	CYP3A4	
DB09027	Ledipasvir	ABCB1;ABCG2	NS5A		
DB09028	Cytisine		CHRNA4;CHRNB2;CHRNA6;CHRNA7;CHRNA3		
DB09039	Eliglustat		UGCG	CYP3A4;CYP2D6	
DB09049	Naloxegol		OPRM1	CYP3A4;CYP2C19;CYP2D6	
DB09053	Ibrutinib		BTK	CYP3A4;CYP3A5;CYP2D6	ALB;ORM1
DB09060	Avibactam	SLC22A8;ABCC2	ampC;OXA-48;blaCTX-M-14;per1;bla;blaUOE-1		
DB09061	Cannabidiol	ABCG2;ABCC1;SLC29A1	TRPM8;GPR12;GPR18;GPR55;TRPA1;VDAC1;CNR1;CACNA1I;CNR2;CACNA1G;HTR2A;TRPV4;TRPV1;TRPV3;TRPV2;CACNA1H;PPARG;OPRM1;CHRNA7;GLRA3;GLRA1;OPRD1;HTR1A	PTGS2;PTGS1;GSR;NAPEPLD;CAT;CYP17A1;ALOX15;IDO1;SMPD1;PLA2G1B;AANAT;CYP1B1;CYP2D6;ACAT1;DAGLA;NAAA;CRYZ;SOD1;ALOX5;HMGCR;CYP3A7;CYP3A4;CYP3A5;CYP2C9;CYP1A1;CYP1A2;FAAH;GPX1;CYP2C19	
DB09063	Ceritinib	ABCB1	ALK	CYP2C9;CYP3A4	
DB09068	Vortioxetine		ADRB1;SLC6A4;HTR7;HTR3A;HTR1A;HTR1B	CYP2C9;CYP2C8;CYP2D6;CYP2B6;CYP2C19;CYP2A6;CYP3A4;CYP3A5	
DB09070	Tibolone		ESR1	SULT1A1;HSD3B1;HSD3B2;STS	
DB09073	Palbociclib		CDK4;CDK6	CYP3A4	
DB09074	Olaparib		PARP1;PARP2;PARP3	CYP3A4;CYP2B6	
DB09075	Edoxaban	ABCB1	F10		
DB09076	Umeclidinium	ABCB1	CHRM5;CHRM4;CHRM3;CHRM2;CHRM1	CYP2D6	
DB09078	Lenvatinib	ABCB1;ABCG2	KIT;FGFR4;FLT4;FLT1;FGFR2;FGFR3;KDR;FGFR1	AOX1;CYP3A4	
DB09079	Nintedanib	ABCB1	SRC;LYN;FLT3;LCK;FLT4;FLT1;FGFR2;FGFR3;KDR;FGFR1		
DB09080	Olodaterol		ADRB2	CYP2C9;CYP2C8	
DB09082	Vilanterol		ADRB2	CYP3A4	
DB09086	Eugenol		AR;ESR2;TRPV3;ESR1		
DB09089	Trimebutine		OPRM1;CACNA1C;KCNMA1;CACNA1G		
DB09091	Tixocortol		NR3C1;HDAC2		
DB09095	Difluocortolone		ANXA3;NR3C1		
DB09101	Elvitegravir		pol	CYP3A4	
DB09120	Zucapsaicin		TRPV1	CYP2C9;CYP1A2;CYP2D6;CYP2E1;CYP2C19;CYP3A4	
DB09123	Dienogest		AR;PGR	CYP3A4	
DB09124	Medrogestone		PGR		SHBG;ALB;SERPINA6
DB09126	Chorionic Gonadotropin (Human)		LHCGR		
DB09128	Brexpiprazole		HTR2A;ADRA1B;DRD2;HTR1A;ADRA2C	CYP3A4;CYP2D6	
DB09143	Sonidegib		SMO	CYP3A4	
DB09166	Etizolam		GABRG2;PTAFR;GABRA1;GABRA3;GABRA2	CYP3A4;CYP2C19;CYP2C18	
DB09167	Dosulepin		ADRA1A;SLC6A2;SLC6A4;CHRM5;CHRM4;CHRM3;CHRM2;CHRM1;ADRA2A;HTR2A;HRH1;HTR1A	CYP2C9;CYP1A2;CYP2C19;CYP2D6	
DB09185	Viloxazine		SLC6A2		
DB09195	Lorpiprazole		ADRA1A;SLC6A4;ADRA2A;HTR2A;HTR2C;HRH1	CYP3A4;CYP2D6	ALB
DB09198	Lobeglitazone	SLCO1B1;ABCB1;SLCO3A1	PPARG	CYP2C9;CYP1A2;CYP2C19	
DB09209	Pholcodine		OPRK1;OPRM1;OPRD1		
DB09212	Loxoprofen		PTGS2;PTGS1	PTGS2;PTGS1	
DB09213	Dexibuprofen		PTGS2;PTGS1;PLAT;PPARG;FABP2;THBD;CFTR;BCL2		
DB09214	Dexketoprofen		PTGS2;PTGS1	PTGS2;PTGS1	
DB09216	Tolfenamic Acid		PTGS2;PTGS1		
DB09223	Blonanserin		HTR2A;DRD2;DRD3	CYP3A4	ALB
DB09224	Melperone		DRD2	CYP2D6	
DB09225	Zotepine		SLC6A2;SLC6A4;DRD2;DRD1;HTR6;HTR7;HTR2A	CYP1A2;CYP3A4	
DB09228	Conestat alfa		F2;KLKB1;PLAT;F12;C1S;C1R;F11		
DB09231	Benidipine	ABCB1	CACNA1B;CACNA1C;CACNA1G	CYP3A4;CYP3A5	
DB09232	Cilnidipine		CACNA1B;CACNA1C	CYP3A4	
DB09235	Efonidipine		CACNA1I;CACNA1C	CYP3A4	
DB09236	Lacidipine		CACNA1C	CYP3A4	ALB;ORM1
DB09238	Manidipine		CACNA1C;CACNA1G	CYP2C9;CYP1A1;CYP1A2;CYP2D6;CYP2B6;CYP2C19;CYP3A4	
DB09242	Moxonidine		NISCH;ADRA2A		
DB09244	Pirlindole		MAOA;HTR1A;ADRA2A	MAOA	
DB09262	Imidafenacin		CHRM3;CHRM2;CHRM1	UGT1A4;CYP3A4	ALB;ORM1
DB09270	Ubidecarenone	ABCB1	NDUFV3;SDHA	HMGCR	LDLR;VLDLR
DB09272	Eluxadoline	SLCO1B1;SLC22A8;ABCC2	OPRK1;OPRM1;OPRD1		
DB09280	Lumacaftor	ABCB1	CFTR	CYP2C9;CYP2C8;CYP3A4;CYP2B6;CYP2C19	ALB
DB09285	Morniflumate		PTGS2;ALOX5;TBXA2R;LTB4R	PTGS2;ALOX5	
DB09286	Pipamperone		ADRA1A;DRD4;DRD2;DRD3;DRD1;HTR2A;HTR2B;ADRA2A		
DB09288	Propacetamol		CNR1;PTGS2;PTGS1;TRPV1	BCHE	
DB09289	Tianeptine		GRIA1;HTR1A;SLC6A4		
DB09290	Ramosetron		HTR3A		
DB09295	Talniflumate		CLCNKA;PTGS2;PTGS1	PTGS2;PTGS1	
DB09296	Ombitasvir	ABCB1;ABCG2	NS5A	CYP2C8	
DB09297	Paritaprevir		NS3/4A	CYP3A4;CYP3A5	
DB09300	Butylscopolamine		CHRM3;CHRM2		
DB09317	Synthetic Conjugated Estrogens A		ESR1	CYP3A4;CYP1A2	
DB09318	Synthetic Conjugated Estrogens B		ESR1	CYP3A4	
DB09330	Osimertinib	ABCB1;ABCG2	EGFR	CYP3A4;CYP1A2	
DB09369	Polyestradiol phosphate		ESR1		
DB09389	Norgestrel		SRD5A1;AR;PGR	CYP3A4;CYP19A1	
DB09396	Propoxyphene napsylate		OPRK1;OPRM1;OPRD1	CYP2C9;CYP2C8;CYP3A4;CYP2D6;CYP3A7	
DB09422	Soybean oil		PPARA		
DB09462	Glycerin	ABCB1	hisD;dctD;PAEP;PAPSS1;nrdB;cc4;ARF1;mutL;eno;bfr;celCCG;mutY;TGFBR2;ISYNA1;PPARD;PLA2G2E;NAGA;ITPR1;HPGDS;mexA;GSTP1;glpF;ADH1B;TRDMT1;argG	ALDH1A1;CYP2E1	
DB09488	Acrivastine		HRH1		
DB09555	Dexchlorpheniramine maleate		HRH1	CYP3A4;CYP2D6	SLC22A1;SLC22A2
DB11064	Homosalate		AR;PGR;ESR1		
DB11071	Phenyl salicylate		ESR1		
DB11079	Trolamine salicylate		PTGS2;PTGS1		
DB11124	Racepinephrine		ADRA1A;ADRA1B;ADRA2A;ADRA2B;ADRA2C;ADRB1;ADRB2		
DB11130	Opium		OPRK1;OPRM1;OPRD1	CYP3A4;CYP2D6	B2M;ALB
DB11133	Omega-3 fatty acids		PPARG;SREBF1;PPARA	PTGS2;ALOX5	
DB11156	Pyrantel		GPR35;CHRM1	CYP4A11	
DB11219	Enzacamene		ESR2;AR;PGR;ESR1		
DB11362	Selexipag	SLCO1B1;SLCO1B3;ABCB1	PTGIR	CES1;CYP2C8;CYP3A4	
DB11363	Alectinib	ABCG2	ALK		ABCB1
DB11560	Lesinurad		SLC22A12;SLC22A11	CYP2C9	
DB11575	Grazoprevir	SLCO1B1;ABCB1;SLCO1B3	NS3/4A	CYP3A4	ALB;ORM1
DB11581	Venetoclax	ABCB1;ABCG2	BCL2	CYP3A4	
DB11591	Bilastine	SLC22A1;SLCO1A2;ABCB5;SLCO2B1	HRH1		
DB11605	Myrrh		NR1H4;NR1I2;PPARA	CYP3A4	
DB11611	Lifitegrast	SLCO1A2;SLCO2B1	ITGAL	CYP2C9	
DB11614	Rupatadine		PTAFR;HRH1	CYP2C9;CYP3A4;CYP2C19;CYP2D6	
DB11619	Gestrinone		NR3C1;ESR1;SHBG;AR;GNRHR;PGR		
DB11633	Isavuconazole	ABCB1;ABCG2;SLC22A2	KCNJ11;SCN5A;KCNJ6;KCNH2;KCNJ9;CACNA1C;KCND3;KCNQ1;ERG11;KCNA5	CYP2C9;CYP2C8;CYP2D6;CYP2B6;CYP2C19;UGT1A9;UGT1A8;CYP3A4;CYP3A5	
DB11642	Pitolisant	SLC22A1	HRH3;KCNH2	CYP3A4;CYP2B6;CYP1A2;CYP2D6	
DB11660	Latanoprostene Bunod	SLC22A1;SLCO2B1	PTGFR		
DB11691	Naldemedine	ABCB5	OPRK1;OPRM1;OPRD1	CYP3A4;UGT1A3	
DB11699	Tropisetron		HTR3A		
DB11712	Tezacaftor		CFTR	CYP3A4;CYP3A5	ALB
DB11799	Bictegravir		pol	CYP3A4;SLC47A1;POU2F2;UGT1A1	
DB11817	Baricitinib	ABCG2;SLC22A6;SLCO1B3;ABCB1;SLC22A1;SLC22A2;SLC47A2;SLC47A1;SLC22A8	PTK2B;JAK2;JAK3;JAK1	CYP3A4	
DB11827	Ertugliflozin	ABCB1;ABCG2	SLC5A2	UGT1A4;UGT2B7;UGT1A9;UGT1A1	ALB
DB11828	Neratinib	ABCB5	EGFR	FMO3;CYP3A4	ALB;ORM1
DB11901	Apalutamide	ABCG2;SLCO1B1;ABCB1;SLC22A2;SLC47A2;SLC47A1;SLC22A8	AR;GABRA1	CYP2C9;CYP2C8;CYP3A4;CYP2C19	
DB11915	Valbenazine		VMAT2	CYP3A4;CYP3A5;CYP2D6	
DB11943	Delafloxacin	ABCG2;ABCB5	parC;gyrA	CYP2C9;CYP2E1;UGT2B15;CYP3A4;UGT1A1;UGT1A3	ALB
DB11994	Diacerein		CYP2C9;CYP1A2;CYP2D6;ALOX5;CYP2E1;CYP3A4;NR1H2;NR1H3		
DB12001	Abemaciclib	SLC47A2;SLC47A1;OTC;ABCB1;ABCG2	CDK4;CDK6	CYP3A4	ALB;ORM1
DB12026	Voxilaprevir	SLCO1B1;ABCB1;ABCG2;SLCO1B3	NS3/4A	CYP2C8;CYP3A4;CYP1A2	
DB12070	Letermovir	ABCG2;ABCB11;SLCO1B1;SLCO1B3;SLC22A8;ABCC2;ABCB1	TRM1;TRM3;TRM2	CYP2C9;CYP2C8;CYP2D6;CYP2B6;CYP2C19;UGT1A1;UGT1A3	
DB12332	Rucaparib	ABCG2;SLC22A6;SLCO1B3;SLCO1B1;ABCB1;SLC22A1;ABCC4;SLC47A2;SLC47A1;SLC22A8	PARP1;PARP2;PARP3	CYP3A43;CYP2C9;CYP1A2;CYP2D6;CYP2C8;CYP2C19;CYP3A7;CYP3A4;CYP3A5;UGT1A1	
DB12364	Betrixaban	ABCB1;KCNH2	F10	F2	
DB12483	Copanlisib	SLC47A2;ABCB1;ABCG2	PIK3CA;PIK3CD	CYP3A43;CYP3A7;CYP3A4;CYP3A5	ALB
DB13074	Macimorelin		GHSR	CYP3A4	
DB13139	Levosalbutamol	SLCO1B1;SLCO1B3	ADRB2	CYP3A4;CYP2D6	
DB13146	Fluciclovine (18F)	ABCC4;ABCB1	GRIA2;SLC7A7;GRIA1;SLC7A3;GRIA4;GRIA3;SLC1A5;GRIN1		
DB13155	Esculin		AR	GLS	
DB13158	Clobetasone		NR3C1		
DB13167	Alclofenac		PTGS2		
DB13179	Troleandomycin	ABCB1	NR1I2;rplD;rpmF	CYP2C9;CYP3A43;CYP2C8;CYP2C19;CYP2A6;CYP3A4;CYP3A5;CYP2C18	
DB13783	Acemetacin	ABCC1	PTGS2;PTGS1	UGT2B7	
DB13873	Fenofibric acid		PPARG;PPARD;NR1I2;mmp20;PPARA		
DB13874	Enasidenib	ABCG2;ABCB1;SLCO1B3;SLCO1B1;SLC22A6;SLC22A2;SLC22A8	IDH2	CYP2C9;CYP2C8;CYP1A2;CYP2D6;UGT2B7;CYP2B6;UGT2B15;CYP2C19;UGT1A9;UGT1A4;CYP3A4;UGT1A1;UGT1A3	
DB13943	Testosterone cypionate	SLC10A1;ABCG2;SLC22A4;ABCB1;SLC22A7;SLC22A1;SLCO1A2;SLC22A3;SLC22A8	NR3C2;AR;ESR1	CYP2C9;CYP1A1;CYP11A1;CYP1B1;CYP2C8;CYP2A13;CYP19A1;CYP2B6;MAOA;CYP2C19;CYP3A43;CYP3A7;CYP3A4;CYP3A5;SRD5A1	SHBG;ALB
DB13944	Testosterone enanthate	SLC10A1;ABCG2;SLC22A4;ABCB1;SLC22A7;SLC22A1;SLCO1A2;SLC22A3;SLC22A8	NR3C2;AR;ESR1	CYP2C9;CYP1A1;CYP11A1;CYP1B1;CYP2C8;CYP2A13;CYP19A1;CYP2B6;MAOA;CYP2C19;CYP3A43;CYP3A7;CYP3A4;CYP3A5;SRD5A1	SHBG;ALB
DB13946	Testosterone undecanoate	SLC10A1;ABCG2;SLC22A4;ABCB1;SLC22A7;SLC22A1;SLCO1A2;SLC22A3;SLC22A8	NR3C2;AR;ESR1	CYP2C9;CYP1A1;CYP11A1;CYP1B1;CYP2C8;CYP2A13;CYP19A1;CYP2B6;MAOA;CYP2C19;CYP3A43;CYP3A7;CYP3A4;CYP3A5;SRD5A1	SHBG;ALB
DB13952	Estradiol acetate	ABCG2;SLC22A2;SLCO4A1;SLC22A3;SLCO1B3;SLC22A11;SLCO1B1;ABCB1;SLC22A1;SLCO1A2;SLCO2B1;SLC22A8;ABCC10;SLCO1C1	NCOA2;GPER1;ESRRG;ESR2;ESR1;CHRNA4;NR1I2;BECN1;MT-ATP6;HSD17B2	CYP2C9;CYP1A1;CYP1A2;CYP1B1;CYP2C8;CYP2C19;CYP3A7;CYP3A4;CYP3A5;UGT1A1	SHBG;FABP2;ALB
DB13953	Estradiol benzoate	ABCG2;SLC22A2;SLCO4A1;SLC22A3;SLCO1B3;SLC22A11;SLCO1B1;ABCB1;SLC22A1;SLCO1A2;SLCO2B1;SLC22A8;ABCC10;SLCO1C1	NCOA2;GPER1;ESRRG;ESR2;ESR1;CHRNA4;NR1I2;BECN1;MT-ATP6;HSD17B2	CYP2C9;CYP1A1;CYP1A2;CYP1B1;CYP2C8;CYP2C19;CYP3A7;CYP3A4;CYP3A5;UGT1A1	SHBG;FABP2;ALB
DB13954	Estradiol cypionate	ABCG2;SLC22A2;SLCO4A1;SLC22A3;SLCO1B3;SLC22A11;SLCO1B1;ABCB1;SLC22A1;SLCO1A2;SLCO2B1;SLC22A8;ABCC10;SLCO1C1	NCOA2;GPER1;ESRRG;ESR2;ESR1;CHRNA4;NR1I2;BECN1;MT-ATP6;HSD17B2	CYP2C9;CYP1A1;CYP1A2;CYP1B1;CYP2C8;CYP2C19;CYP3A7;CYP3A4;CYP3A5;UGT1A1	SHBG;FABP2;ALB
DB13955	Estradiol dienanthate	ABCG2;SLC22A2;SLCO4A1;SLC22A3;SLCO1B3;SLC22A11;SLCO1B1;ABCB1;SLC22A1;SLCO1A2;SLCO2B1;SLC22A8;ABCC10;SLCO1C1	NCOA2;GPER1;ESRRG;ESR2;ESR1;CHRNA4;NR1I2;BECN1;MT-ATP6;HSD17B2	CYP2C9;CYP1A1;CYP1A2;CYP1B1;CYP2C8;CYP2C19;CYP3A7;CYP3A4;CYP3A5;UGT1A1	SHBG;FABP2;ALB
DB13956	Estradiol valerate	ABCG2;SLC22A2;SLCO4A1;SLC22A3;SLCO1B3;SLC22A11;SLCO1B1;ABCB1;SLC22A1;SLCO1A2;SLCO2B1;SLC22A8;ABCC10;SLCO1C1	NCOA2;GPER1;ESRRG;ESR2;ESR1;CHRNA4;NR1I2;BECN1;MT-ATP6;HSD17B2	CYP2C9;CYP1A1;CYP1A2;CYP1B1;CYP2C8;CYP2C19;CYP3A7;CYP3A4;CYP3A5;UGT1A1	SHBG;FABP2;ALB
DB11979	Elagolix		CD274		
